"","tables.JPM","tables.BAC","tables.C","tables.WFC","tables.GS","tables.MS","tables.BK","tables.USB","tables.PNC","tables.COF","tables.STT","tables.AXP","tables.FITB","tables.RF","tables.X8306.T","tables.X8411.T","tables.X8316.T","tables.X8308.T","tables.X8604.T","tables.X8309.T","tables.X8331.T","tables.X8377.T","tables.X8355.T","tables.X8418.T","tables.TD.TO","tables.RY.TO","tables.BNS.TO","tables.BMO.TO","tables.CM.TO","tables.NA.TO","tables.UCG.MI","tables.ISP.MI","tables.UNI.MI","tables.MB.MI","tables.NAB.AX","tables.CBA.AX","tables.ANZ.AX","tables.WBC.AX","tables.MQG.AX","tables.X600036.SS","tables.X600000.SS","tables.X600016.SS","tables.X600015.SS","tables.HSBA.L","tables.BARC.L","tables.LLOY.L","tables.STAN.L","tables.SAN.MC","tables.BBVA.MC","tables.SAB.MC","tables.SHB.A.ST","tables.SEB.A.ST","tables.SWED.A.ST","tables.BNP.PA","tables.ACA.PA","tables.X055550.KS","tables.X024110.KS","tables.UBSG.SW","tables.CSGN.SW","tables.KBC.BR","tables.ITUB4.SA","tables.BBDC4.SA","tables.DBK.DE","tables.CBK.DE","tables.BIRG.IR","tables.SBIN.NS","tables.BANKBARODA.NS","tables.D05.SI","tables.U11.SI","tables.EBS.VI","tables.DANSKE.CO","tables.INGA.AS","tables.DNB.OL","tables.SBER.ME","tables.ISCTR.IS","tables.SBK.JO"
"JPM",0.927266990287432,0,3.32376486682701e-10,0,0,0,0,0,0,8.88789670298757e-09,0,1.12306019968466e-07,7.95474304898236e-11,1.6703183920706e-05,0,0,0,0,0.000116257583818341,0,0,0,0,0,0,2.84549803922721e-19,0,0,0.0191956571856942,0,3.5194811871552e-05,0.00211620241089623,7.0236561779879e-14,0.0486356507571993,1.78243322596938e-11,0,3.83170995477198e-08,8.93601965859019e-05,1.31009341988719e-06,0,0,0,0,0,0,0,0,0,1.09191637332842e-08,0.00252039572317371,0,0,3.44265856187587e-10,0,0,0,0,0,0,9.80839478804746e-24,0,0,0,0,0,1.66401903930297e-08,2.5866553075072e-06,0,0,3.50310681289453e-06,0,1.59413254903121e-10,0,0,0,0
"BAC",0,0.92114273623154,4.89728543555561e-10,0,0,0,0,0,0,1.60483617618145e-09,0,4.51582350623302e-11,2.61441023793079e-11,1.56266980755501e-05,0,0,0,0,0.000108335482964987,0,0,0,0,0,0,9.35002888717832e-20,0,0,0.0282848457772375,0,1.17332076943719e-05,0.00444105134255376,1.26067610562906e-14,0.0454202832985194,6.44000306699986e-12,0,3.56512206560741e-08,2.06613005162476e-09,4.73342350784069e-07,0,0,0,0,0,0,0,0,0,1.02154598456673e-08,0.000567783392532844,0,0,3.42891801516725e-12,0,0,0,0,0,0,3.18584535758114e-24,0,0,0,0,0,5.4707811056272e-09,3.81121705533506e-06,0,0,3.26440135715025e-06,0,2.87782854187797e-11,0,0,0,0
"C",0,0,0.92437552881831,0,0,0,0,0,0,4.04206892867417e-10,0,2.95712583151632e-11,1.01453740228002e-11,1.27824029024089e-05,0,0,0,0,8.85953983372075e-05,0,0,0,0,0,0,3.62641445483035e-20,0,0,0.01593401910232,0,4.01127748513089e-06,0.0223618768326519,3.1474719952627e-15,0.0372181219277841,1.20691837186323e-12,0,2.91138177987392e-08,4.15543621994226e-10,8.87092906410881e-08,0,0,0,0,0,0,0,0,0,8.35609293614921e-09,1.13140280848425e-07,0,0,5.09403345498348e-13,0,0,0,0,0,0,1.2176391577568e-24,0,0,0,0,0,2.12415481525393e-09,2.15233193745941e-06,0,0,2.6695962025332e-06,0,7.24522773244188e-12,0,0,0,0
"WFC",0,0,2.20527780959747e-10,0.911899901439339,0,0,0,0,0,4.51044862772212e-08,0,1.66598154841716e-10,3.03254783778815e-10,2.17071925498084e-05,0,0,0,0,0.00015197910788149,0,0,0,0,0,0,1.08486321983672e-18,0,0,0.012731699904228,0,0.000132883643985885,6.55316319864218e-05,3.57042736012074e-13,0.0633361490934384,6.37608504246099e-11,0,4.94502970838608e-08,1.94035889308483e-08,4.68643894735736e-06,0,0,0,0,0,0,0,0,0,1.41903316628677e-08,0.0116489726589272,0,0,7.24322235299985e-11,0,0,0,0,0,0,3.76054541531376e-23,0,0,0,0,0,6.34274278194815e-08,1.71621453576698e-06,0,0,4.57946208436025e-06,0,8.09033706843735e-10,0,0,0,0
"GS",0,0,1.14182153370731e-10,0,0.926440634361616,0,0,0,0,1.38974204592525e-08,0,9.22503813958195e-11,3.60839547950611e-10,1.92150971654223e-05,0,0,0,0,0.00013479661906894,0,0,0,0,0,0,1.29092814352064e-18,0,0,0.00659269714571358,0,0.000129891500395268,4.5075556851175e-08,1.09873815210694e-13,0.0561070877739534,2.54996721654204e-11,0,4.36923161541701e-08,7.87910921590937e-09,1.87423295570953e-06,0,0,0,0,0,0,0,0,0,1.25613034395755e-08,0.00385755658909168,0,0,0.00671109693941262,0,0,0,0,0,0,4.50758610028304e-23,0,0,0,0,0,7.54643232699906e-08,8.88600388467707e-07,0,0,4.06172806238653e-06,0,2.49265941923046e-10,0,0,0,0
"MS",0,0,4.42401509701351e-10,0,0,0.900883367670086,0,0,0,6.44033702949927e-06,0,2.56287196644875e-10,3.42921186436633e-11,2.21670551892554e-05,0,0,0,0,0.000153619732170642,0,0,0,0,0,0,1.22660633553047e-19,0,0,0.0255517742288908,0,1.16519244449872e-05,0.00734546424393965,5.11576544512772e-11,0.0645294762990621,1.59166684380371e-12,2.74983445305104e-06,2.08009847729415e-07,6.55853288893262e-09,1.16988546484297e-07,0,0,0,0,0,0.00143787022910762,0,0,0,1.4491034364208e-08,2.87666376737752e-07,0,0,4.65881691775217e-05,0,0,0,0,0,0,4.25773159878487e-24,0,0,0,0,0,7.17406653925307e-09,3.44290362885649e-06,0,0,4.63017368914388e-06,0,1.15524996198687e-07,0,0,0,0
"BK",0,0,4.23839187551597e-10,0,0,0,0.904930501345204,0,0,1.42903284511405e-10,0,5.30904542858604e-11,7.93416841032008e-13,2.41569578152106e-05,0,0,0,0,0.000167526047204983,0,0,0,0,0,0,2.77786696068573e-21,0,0,0.0244796533500318,0,2.00386624563709e-07,5.68283699543961e-08,1.12935815268832e-15,0.0703891456202877,1.72896324895397e-12,0,5.49910556013781e-08,6.22724071360469e-10,1.27079879748836e-07,0,0,0,0,0,0,0,0,0,1.57918767282783e-08,2.13780353351057e-07,0,0,1.37139914034896e-14,0,0,0,0,0,0,5.25508146595695e-26,0,0,0,0,0,1.6905666093836e-10,3.29844596982078e-06,0,0,5.04795861699731e-06,0,2.55842134953557e-12,0,0,0,0
"USB",0,0,8.84696682745066e-11,0,0,0,0,0.933832986638934,0,1.20878686389741e-10,0,4.45744854191507e-11,5.55671855706466e-13,2.06173036296272e-05,0,0,0,0,0.000143324935539745,0,0,0,0,0,0,1.91648431633769e-21,0,0,0.00510964216394204,0,3.16939882451429e-07,0.000668868698591248,9.50574771519734e-16,0.0602188804871183,1.4839697401752e-12,0,4.68812477709657e-08,5.34632255366129e-10,1.09072818535817e-07,0,0,0,0,0,0,0,0,0,1.34779284915914e-08,1.85268801093915e-07,0,0,9.8656572505679e-15,0,0,0,0,0,0,2.02860990927753e-26,0,0,0,0,0,1.19424242835084e-10,6.8849797541819e-07,0,0,4.3187213977124e-06,0,2.16348164714984e-12,0,0,0,0
"PNC",0,0,3.30120768906151e-10,0,0,0,0,0,0.920082102253741,7.67297658669147e-06,0,3.54772300347964e-09,9.67102066271038e-10,1.95228569352208e-05,0,0,0,0,0.000135584513551042,0,0,0,0,0,0,3.45991140234452e-18,0,0,0.0129310166368053,0,1.05716180416497e-05,0.00906105668322671,6.09488069065681e-11,0.0568795644617238,7.0320855572393e-09,0,8.36551372927172e-08,2.07232807095219e-06,0.000516859909305741,0,0,0,0,0,0,0,0,0,1.27625281013996e-08,0.000346860670562743,0,0,1.11879445903958e-08,0,0,0,0,0,0,1.21397277012167e-22,0,0,0,0,0,2.0223875137242e-07,2.56910062238093e-06,0,0,4.08657273941169e-06,0,1.37635745845039e-07,0,0,0,0
"COF",0,0,9.94697635682854e-11,0,0,0,0,0,0,0.915368242904175,0,1.74783900676225e-06,7.96608080520236e-10,2.01848253486729e-05,0,0,0,0,0.00014035916196136,0,0,0,0,0,0,2.8498717663732e-18,0,0,0.00574496249524666,0,0.000262678964283729,0.000507829129026709,7.2710669338082e-06,0.0589036283300953,1.47570642506473e-12,0,0.00122545152702466,5.45605961581964e-05,1.08466331794534e-07,0,0,0,0,0,0,0,0,0,1.31951605235177e-08,3.01433822128065e-06,0,0,0.00133349527252465,0,0,0,0,0,0,9.92607918578771e-23,0,0,0,0,0,1.66595903782548e-07,7.74104082362059e-07,0,0,5.88525233202097e-06,0,0.0164196250386292,0,0,0,0
"STT",0,0,7.00657990828217e-07,0,0,0,0,0,0,6.27199046826587e-10,0.888946753954993,1.67085022019434e-10,1.07329382435541e-12,7.65505122024644e-05,0,0,0,0,0.000153058595669479,0,0,0,0,0,0,3.7104296018327e-21,0,0,0.0405586728180549,0,3.83682930060391e-07,0.00049575668058181,4.96053407957503e-15,0.0643094691765773,5.48125349897224e-12,0,1.74115999454836e-07,1.97242369576141e-09,4.02873918534785e-07,0,0,0,0,0,0,0,0,0,5.00427644064717e-08,6.77447034157361e-07,0,0,2.68284887936737e-12,0,0,0,0,0,0,8.8468357691259e-26,0,0,0,0,0,2.26988404919638e-10,0.00545273441078527,0,0,4.61201631433485e-06,0,1.12454013062317e-11,0,0,0,0
"AXP",0,0,2.04473618150231e-11,0,0,0,0,0,0,1.54467569214361e-10,0,0.935569459325346,8.20846996661257e-12,1.71333181263876e-05,0,0,0,0,0.000119093274650348,0,0,0,0,0,0,2.93481721883608e-20,0,0,0.00118087586257351,0,1.33727943733782e-06,0.00689571402480853,1.19624054987597e-15,0.050034403034213,1.27539106456594e-12,0,0.00166338078879473,0.00176910848655469,9.37420562037955e-08,0,0,0,0,0,0,0,0,0,1.12003856911888e-08,5.32795973340413e-06,0,0,0.00274031210526026,0,0,0,0,0,0,9.8080614992549e-25,0,0,0,0,0,1.71917721160506e-09,1.59127616647056e-07,0,0,3.58856410140747e-06,0,2.76461324121527e-12,0,0,0,0
"FITB",0,0,1.30233443053182e-10,0,0,0,0,0,0,9.71889007845265e-05,0,4.61114210405716e-08,0.897972763740063,2.69355735859925e-05,0,0,0,0,0.000187557633508185,0,0,0,0,0,0,3.21264085416008e-09,0,0,6.10035502092344e-07,0,2.16547545119351e-05,0.0156813106456467,7.72002711471167e-10,0.07863605397662,8.90122404044531e-08,0,5.48993205084001e-07,2.62329729319931e-05,0.00654242017780546,0,0,0,0,0,0,0,0,0,2.96939723660998e-08,0.000795490414744851,0,0,1.42319828725902e-07,0,0,0,0,0,0,1.1280402190799e-13,0,0,0,0,0,2.50900941813782e-06,1.01351642539704e-06,0,0,5.65505489917822e-06,0,1.74334789538481e-06,0,0,0,0
"RF",0,0,9.80976851507771e-11,0,0,0,0,0,0,7.31806718390973e-05,0,1.99390946807682e-06,1.58540170069846e-08,0.936335535299769,0,0,0,0,0.000111356268362997,0,0,0,0,0,0,5.67202422965861e-17,0,0,5.29044937098494e-07,0,0.00207671386984083,0.00219810892827029,5.81295541732704e-10,0.0432163832989771,6.70470062222823e-08,0,0.00212661962574865,2.42091127165013e-05,0.00492797040532018,0,0,0,0,0,0,0,0,0,0.000612104118547362,0.00828629868108838,0,0,1.6179535177784e-07,0,0,0,0,0,0,1.9910641876397e-21,0,0,0,0,0,3.3153100615594e-06,7.6342614882012e-07,0,0,3.3599583118926e-06,0,1.31269482383218e-06,0,0,0,0
"X8306.T",0,0,4.3666516141279e-12,0,0,0,0,0,0,1.03279383879591e-05,0,1.60071298590236e-09,0.0301032036715524,9.04759712708991e-07,0.954431721273246,0,0,0,6.58693103923857e-06,0,0,0,0,0,0,1.07699014782116e-10,0,0,6.48239006545695e-08,0,0.00037534500408953,0.000525696589112167,8.20381116493136e-11,0.00264222932870347,2.98400413890561e-09,0,6.69780498406156e-09,8.41423856749888e-07,0.000219324991785872,0,0,0,0,0,0,0,0,0,9.96639603011913e-10,2.66676883479346e-05,0,0,1.50720798873432e-08,0,0,0,0,0,0,3.78158735272883e-15,0,0,0,0,0,3.2789197570957e-07,3.39826167335227e-08,0,0,0.0116565108967123,0,1.85259611026245e-07,0,0,0,0
"X8411.T",0,0,8.73954304240611e-13,0.003224399264401,0,0,0,0,0,2.15242541677532e-09,0,1.54302675714509e-12,1.84845043279322e-05,2.17608148641714e-07,0,0.97482502547479,0,0,1.52052440763991e-06,0,0,0,0,0,0,6.6131263779967e-14,0,0,4.50182033691608e-05,0,5.16189436134314e-07,1.10158835247846e-06,1.70921474634234e-14,0.00063568672138044,2.12285393706123e-12,0,5.05664083180155e-10,6.29795737116211e-10,1.56030277189041e-07,0,0,0,0,0,0,0,0,0,1.42502909478868e-10,4.40993336776949e-05,0,0,3.17430534702334e-12,0,0,0,0,0,0,2.32203749688295e-18,0,0,0,0.0212037181713154,0,2.90803391119837e-10,6.80137941546045e-09,0,0,4.58171492300385e-08,0,3.85983935527574e-11,0,0,0,0
"X8316.T",0,0,3.20789581740685e-12,0,0,0,0,0,0,1.11780791161647e-05,0,1.51644561227483e-09,0.0221121245417947,6.99269101297694e-07,0,0,0.958655168262437,0,5.22140863664884e-06,0,0,0,0,0,0,7.91096540377441e-11,0,0,7.01614931720006e-08,0,0.000722909873297198,0.000386149328088668,1.066069796238e-06,0.00204241361874184,2.19188776512211e-09,0,5.09265683381565e-09,6.09719083539916e-07,0.000161104255821048,0,0,0,0,0,0,0,0,0,7.54763357561485e-10,1.96004844917979e-05,0,0,1.63065500312531e-08,0,0,0,0,0,0,2.77774191150116e-15,0,0,0,0,0,5.31983066149417e-07,2.49648257482106e-08,0,0,0.0134736883133695,0,0.00240741372221506,0,0,0,0
"X8308.T",0,0,3.7861578502476e-12,7.60796222616238e-10,0,0,0,0,0,8.4032680127856e-06,0,7.85380943385608e-09,0.0131513613404682,0.00304359042768459,0,0,0,0.971384100899387,5.46072882755468e-06,0,0,0,0,0,0,4.70510937924031e-11,0,0,5.47355654087778e-08,0,0.000389015125136774,0.000317815749925055,6.6749810871567e-11,0.00214928467624631,2.58733225691959e-09,0,6.91588279020055e-06,7.78119506436753e-07,0.000190169517054927,0,0,0,0,0,0,0,0,0,2.02737003025652e-06,7.41005309838209e-05,0,0,1.28279516837741e-08,0,0,0,0,0,0,1.6520840193129e-15,0,0,0,7.87697970190263e-05,0,3.26649096807248e-07,2.9465037106051e-08,0,0,0.00919762083439283,0,1.50735356388631e-07,0,0,0,0
"X8604.T",0,0,1.92655349386344e-15,0,0,0,0,0,0,1.77244699149269e-05,0,8.80087243213961e-10,2.90593051530404e-09,6.89721175473338e-10,0,0,0,0,0.969822738710058,0,0,0,0,0,0,1.03961838373018e-17,0,0,1.11247813783542e-07,0,0.00093333705326278,9.90548981922588e-09,1.40791164561968e-10,2.03637939085223e-06,4.69064107522341e-16,0,2.37335398896423e-08,1.06002680428587e-09,3.44906132506071e-11,0,0,0,0,0,0,0,0,0,4.55214864399328e-13,6.87103314585416e-11,0,0,2.58274995075111e-08,0,0,0,0,0,0,3.6503464360173e-22,0,0,0,0,0,6.07671155044934e-07,1.49948916231073e-11,0,0,0.0292230612700841,0,3.1793658076962e-07,0,0,0,0
"X8309.T",0,0,1.06411089826746e-12,0.00193483878101325,0,0,0,0,0,1.14337218700542e-07,0,1.28559300037421e-10,0.000832682587883608,2.40055196106197e-07,0,0,0,0,1.75448648485412e-06,0.984183910103324,0,0,0,0,0,2.97905483133057e-12,0,0,2.70152084556962e-05,0,0.000108346889049455,1.75233353947527e-05,3.08094132397073e-06,0.000701128031272062,8.27789287539867e-11,0,7.87620474295626e-10,2.39461859545809e-08,6.0842703709389e-06,0,0,0,0,0,0,0,0,0,1.68143748483268e-10,3.45858383794218e-05,0,0,1.67946411755297e-10,0,0,0,0,0,0,1.0460222032592e-16,0,0,0,0.00519040954952141,0,7.27039798571073e-08,8.28123610230746e-09,0,0,7.54531702066853e-07,0,0.0069574247829159,0,0,0,0
"X8331.T",0,0,2.83005427934237e-12,0.00014779310370005,0,0,0,0,0,1.66401718385215e-06,0,8.21697387864863e-10,0.0145725508132402,1.55636177901859e-05,0,0,0,0,4.75207590327516e-06,0,0.976676044424167,0,0,0,0,5.21356259146055e-11,0,0,2.07393238754767e-06,0,6.79890296448593e-07,0.000263814843632074,1.32178202635375e-11,0.00198900853418883,1.52416862208372e-09,0,4.37333077742341e-08,4.51734848975829e-07,0.00011202674492121,0,0,0,0,0,0,0,0,0,1.31331148248829e-08,2.8954069107123e-05,0,0,2.46587941674045e-09,0,0,0,0,0,0,1.83061492237629e-15,0,0,0,0.00618432215140192,0,4.31736865498693e-08,2.20243469166377e-08,0,0,1.43254176083737e-07,0,2.9848668248576e-08,0,0,0,0
"X8377.T",0,0,1.52977559534743e-12,0.00354327956269545,0,0,0,0.00102213545081198,0,1.64947593400422e-10,0,9.68275032651784e-13,1.19635066080697e-12,2.23860204758473e-07,0,0,0,0,1.56331753516652e-06,0,0,0.993823200239665,0,0,0,4.20234640214828e-21,0,0,8.83303508254616e-05,0,5.38455021582978e-07,1.85017860315964e-06,1.30471197765959e-15,0.000653573270856687,2.99930715133779e-13,0,5.08832447872218e-10,9.27131584736322e-11,2.20449986098655e-08,0,0,0,0,0,0,0,0,0,1.46341210928036e-10,4.5539265932788e-05,0,0,2.80547292388529e-13,0,0,0,0,0,0,1.47345967808695e-25,0,0,0,0.000819683821530461,0,2.50222712047419e-10,1.19051809290009e-08,0,0,4.71058578856902e-08,0,2.94701050348502e-12,0,0,0,0
"X8355.T",0,0,2.10276443771044e-17,8.08868675052443e-08,0,0,0,0,0,2.21796959884022e-14,0,2.32556966136606e-14,3.83712299815661e-16,1.09299524207549e-08,0,0,0,0,7.60577352199533e-08,0,0,0,0.991593170483117,0,0,6.32280840545793e-25,0,0,1.12932059338761e-09,0,1.93981680499176e-10,3.14512035713404e-11,1.64044335326064e-19,3.19505700068195e-05,1.00882352149947e-15,0,2.48060896878902e-11,3.55973587036614e-13,7.41500528405857e-11,0,0,0,0,0,0,0,0,0,7.14510074307777e-12,4.67791553832646e-09,0,0,1.19297693646652e-17,0,0,0,0,0,0,6.86003185033555e-32,0,0,0,0.00837470264111295,0,8.4077307355372e-14,1.63653264685342e-13,0,0,2.29178661686275e-09,0,3.91825484570397e-16,0,0,0,0
"X8418.T",0,0,3.99406183794855e-12,0.000270449300688038,0,0,0,0,0,2.26635371174667e-06,0,9.24809075520295e-09,0.00841593870534161,0.0038863302746869,0,0,0,0,5.23302341833697e-06,0,0,0,0,0.984199206502608,0,3.0109363671637e-11,0,0,3.79093773962718e-06,0,1.03138176086983e-05,0.000233557578183533,1.80023547968325e-11,0.00214350368133546,2.07615781685853e-09,0,8.83682002342031e-06,6.60676838869286e-07,0.000152598077911009,0,0,0,0,0,0,0,0,0,2.57462095239182e-06,0.000109586728447722,0,0,3.89365163089753e-09,0,0,0,0,0,0,1.05721662440222e-15,0,0,0,0.000554842275323219,0,6.58271720702952e-08,3.10830091137236e-08,0,0,1.57791821790033e-07,0,4.06531710534634e-08,0,0,0,0
"TD.TO",0,0,8.97627515857746e-09,0,0,0,0,0,0,1.85140798297602e-09,0,7.59558482441402e-10,3.63846795148046e-09,1.19849219536164e-05,0,0,0,0,6.27504138768133e-05,0,0,0,0,0,0.966974932954964,1.30171811662128e-17,0,0,0.00535082793503868,0,0.00116820377821919,3.36763170823864e-08,1.47038411601697e-14,0.0263585383160677,8.6067060025359e-13,0,2.73818418633347e-08,3.17663286347396e-10,6.32597261737268e-08,0,0,0,0,0,0,0,0,0,7.83487640513112e-09,1.06148015076239e-07,0,0,9.81481986962105e-12,0,0,0,0,0,0,4.57049466283844e-22,0,0,0,0,0,7.60856220104984e-07,6.98561139386092e-05,0,0,1.89082167405548e-06,0,3.32076064843519e-11,0,0,0,0
"RY.TO",0,0,5.79963228599233e-13,0,0,0,0,0,0,1.65162659805232e-08,0,2.62817037968356e-07,2.74146862540135e-08,4.90718867006345e-06,0,0,0,0,3.44383663667429e-05,0,0,0,0,0,0,0.973999567641309,0,0,4.52117874472839e-10,0,0.00874651036376712,0.000903026576397065,1.3097257450359e-13,0.0143357847079788,1.05074902821599e-11,0,0.000102590811875484,3.1408530266526e-05,7.723032589438e-07,0,0,0,0,0,0,0,0,0,3.20802454121887e-09,0.00179970729174575,0,0,8.05410669999217e-10,0,0,0,0,0,0,3.41996113335893e-05,0,0,0,0,0,5.7328006361948e-06,4.51345442895653e-09,0,0,1.03777192583307e-06,0,2.96252377409019e-10,0,0,0,0
"BNS.TO",0,0,1.18530624655531e-07,0,0,0,0,0,0,2.09031854563462e-10,0,4.48869908816675e-11,5.63316669824514e-10,1.89215199339635e-05,0,0,0,0,4.99862197680109e-05,0,0,0,0,0,0,2.01530370716056e-18,0.977725692480098,0,2.04403925361235e-09,0,0.00018161080576388,1.9078555453234e-05,1.63626430292939e-15,0.0209731861819988,3.27518436662377e-12,0,4.30023580101842e-08,1.10200149829731e-09,2.40727090042671e-07,0,0,0,0,0,0,0,0,0,1.23694162526487e-08,0.000107040124644397,0,0,6.21639227991515e-14,0,0,0,0,0,0,7.07337257831628e-23,0,0,0,0,0,1.17798965472348e-07,0.000922441511054782,0,0,1.50620246831871e-06,0,3.74692726651437e-12,0,0,0,0
"BMO.TO",0,0,1.72845444981459e-07,0,0,0,0,0,0,8.85981537516495e-11,0,6.7890720753551e-11,7.5271625462212e-13,3.15089300646924e-05,0,0,0,0,8.98806413381815e-05,0,0,0,0,0,0,2.60462988267338e-21,0,0.959561029935672,0.00120383323079845,0,1.53859862924748e-07,1.13135275811796e-07,6.98534370977036e-16,0.0377649250632751,2.25650363673679e-12,0,7.15857373543795e-08,8.13361864626581e-10,1.6585394481252e-07,0,0,0,0,0,0,0,0,0,2.05980684800414e-08,2.78843657132473e-07,0,0,6.31930593303504e-13,0,0,0,0,0,0,6.61280028916032e-26,0,0,0,0,0,1.59267883634257e-10,0.00134513602633041,0,0,2.70831618293017e-06,0,1.5864148507109e-12,0,0,0,0
"CM.TO",0,0,1.70864645260088e-08,0,0,0,0,0,0,9.60937561651917e-13,0,1.60744523932333e-11,2.02635535920329e-13,7.50676941828805e-06,0,0,0,0,3.08444775501182e-05,0,0,0,0,0,0,6.97990153400199e-22,0,0,0.986867704623772,0,4.73269660862625e-08,2.33935320860997e-08,6.35959166141174e-18,0.0129598266652432,5.37599446205076e-13,0,1.70476717552619e-08,1.93898948962193e-10,3.9513838475328e-08,0,0,0,0,0,0,0,0,0,4.90733178302478e-09,6.64323652601904e-08,0,0,5.60264800483954e-14,0,0,0,0,0,0,1.53684387184486e-26,0,0,0,0,0,4.30730397980025e-11,0.000132972083812586,0,0,9.29417213680605e-07,0,1.62817323938377e-14,0,0,0,0
"NA.TO",0,0,8.86125556850014e-07,0,0,0,0,0,0,9.47134082963623e-10,0,1.62895291017054e-10,1.58413685238195e-12,7.58846274592328e-05,0,0,0,0,0.000118887726051961,0,0,0,0,0,0,5.46835480387656e-21,0,0,1.52829822467195e-08,0.942950052948277,2.80027138643241e-07,3.22775845761369e-07,7.51203592125138e-15,0.0499526920271203,5.43548403703719e-12,0,1.72353035889907e-07,1.95978335782763e-09,3.99509872086373e-07,0,0,0,0,0,0,0,0,0,4.96074712773537e-08,6.71554923079204e-07,0,0,3.43767259080804e-12,0,0,0,0,0,0,1.58452402460206e-25,0,0,0,0,0,3.33763457476406e-10,0.00689609963685768,0,0,3.58236638195156e-06,0,1.69849760229201e-11,0,0,0,0
"UCG.MI",0,0,1.02639767475164e-15,0,0,0,0,0,0,1.35358927791486e-06,0,9.03500776913724e-07,3.10895269322316e-06,3.81920032627756e-07,0,0,0,0,1.18119049830319e-05,0,0,0,0,0,0,1.11227743563618e-14,0,0,1.58598443515649e-08,0,0.998215374950944,8.05024102167859e-08,1.07517255203065e-11,0.00111639164331349,5.10676742752752e-13,0,7.93869050977719e-09,3.94867763589407e-09,3.75349925385916e-08,0,0,0,0,0,0,0,0,0,2.55868359186996e-10,1.21758118076103e-08,0,0,9.1863464224884e-09,0,0,0,0,0,0,3.90548946404379e-19,0,0,0,0,0,0.000650125927265191,7.98898360295601e-12,0,0,3.55908498090459e-07,0,2.42803095585796e-08,0,0,0,0
"ISP.MI",0,0,1.60703759347342e-17,0,0,0,0,0,0,2.33410411617566e-10,0,1.53317282260973e-10,5.3316835605759e-10,1.49384167398339e-07,0,0,0,0,1.1183597621505e-06,0,0,0,0,0,0,1.90749414617589e-18,0,0,2.71592934525972e-12,0,0.000171228620848511,0.999390697301627,1.84420140867153e-15,0.000436657632620161,1.09819265406834e-14,0,3.40446457856923e-10,4.94200754192178e-12,8.07186574043056e-10,0,0,0,0,0,0,0,0,0,9.7662911875728e-11,1.33029097839265e-09,0,0,1.5652570776698e-12,0,0,0,0,0,0,6.69737260016783e-23,0,0,0,0,0,1.1149311463669e-07,1.25171824939727e-13,0,0,3.36988288614196e-08,0,4.18659666936394e-12,0,0,0,0
"UNI.MI",0,0,6.21501396190591e-14,0,0,0,0,0,0,4.64369808727969e-08,0,1.0417911226521e-10,2.88965796114448e-10,4.10228230923726e-08,0,0,0,0,3.22991208559814e-07,0,0,0,0,0,0,1.03382036129844e-18,0,0,2.92144694123205e-10,0,0.000120622004709859,3.51079372331393e-11,0.988921181075656,0.000120104664375077,4.24850497347173e-11,0,1.73326902081185e-10,1.25192394690021e-08,3.12266118950411e-06,0,0,0,0,0,0,0,0,0,2.68025842872394e-11,0.01083447412081,0,0,6.83747137018197e-11,0,0,0,0,0,0,3.6076176127292e-23,0,0,0,0,0,6.04298829626453e-08,4.83673219410291e-10,0,0,9.72504440766635e-09,0,8.32958547890982e-10,0,0,0,0
"MB.MI",0,0,3.57558635779455e-14,0,0,0,0,0,0,2.03200425702415e-09,0,7.2959463849593e-10,1.18620327887072e-11,0.000341152100083163,0,0,0,0,0.00237335300780316,0,0,0,0,0,0,4.23749937149913e-20,0,0,6.90665480900687e-12,0,3.15360021006895e-06,8.00535546077409e-07,1.61067895692195e-14,0.997204199069722,2.44285100338946e-11,0,7.74885694546927e-07,8.81211355697039e-09,1.79550140607412e-06,0,0,0,0,0,0,0,0,0,2.23018960766342e-07,3.01908916831107e-06,0,0,1.42583825149656e-13,0,0,0,0,0,0,1.45469780667806e-24,0,0,0,0,0,2.48200329525085e-09,2.78265004010623e-10,0,0,7.1514777588741e-05,0,3.64444675467048e-11,0,0,0,0
"NAB.AX",0,0,2.38037952915773e-14,0,0,0,0,0,0,2.62396805900067e-06,0,0.000808438520546661,5.23229683829745e-13,1.32900012266686e-05,0,0,0,0,9.24618710371754e-05,0,0,0,0,0,0,1.78994775210151e-21,0,0,1.29613831089311e-06,0,1.4717366838155e-07,6.1750686660951e-06,2.0843027210516e-11,0.0388493667276291,0.960217424756776,0,1.61190182671661e-06,1.56010839738068e-06,6.98825707443089e-08,0,0,0,0,0,0,0,0,0,8.68792930907351e-09,1.22462783591873e-07,0,0,2.56203964301076e-06,0,0,0,0,0,0,3.49249941753415e-26,0,0,0,0,0,1.11671717932289e-10,1.85252300709331e-10,0,0,2.79330459752224e-06,0,4.70680180442954e-08,0,0,0,0
"CBA.AX",0,0,1.43343034737191e-15,0,0,0,0,0,0,7.87870697649672e-11,0,2.2058721577019e-06,4.40920707049828e-13,1.32238333342558e-05,0,0,0,0,9.1996412759666e-05,0,0,0,0,0,0,1.5321249355814e-21,0,0,2.78448002354066e-09,0,1.16199731212326e-07,4.72844486572128e-08,6.22907850932889e-16,0.0386539114382422,9.46701629467934e-13,0.959479360070227,3.39806543689281e-08,0.00175612577358659,6.95832053828372e-08,0,0,0,0,0,0,0,0,0,8.64467784766812e-09,1.19403793573039e-07,0,0,6.4609882927884e-09,0,0,0,0,0,0,2.74508232596257e-26,0,0,0,0,0,9.41266805853995e-11,1.11585295643749e-11,0,0,2.77207084060472e-06,0,1.41052478472556e-12,0,0,0,0
"ANZ.AX",0,0,2.07522321169641e-14,0,0,0,0,0,0,1.46638484976317e-09,0,0.000876264213199284,3.18664910834665e-09,1.51023545212443e-05,0,0,0,0,0.000105070088754023,0,0,0,0,0,0,1.14006616224891e-17,0,0,1.10603576397878e-06,0,1.51737684805698e-07,6.49403113128748e-06,1.16452027432048e-14,0.0441469436135025,1.11735897351335e-12,0,0.954739502958742,0.00010272878747101,8.21267135193773e-08,0,0,0,0,0,0,0,0,0,9.87398966506362e-09,1.40339016121526e-07,0,0,2.56661157499159e-06,0,0,0,0,0,0,4.00275104274267e-22,0,0,0,0,0,6.6637580448766e-07,1.61504487303143e-10,0,0,3.1660101427952e-06,0,2.63004470372847e-11,0,0,0,0
"WBC.AX",0,0,2.75878716298946e-14,0,0,0,0,0,0,4.93819464854629e-11,0,0.00122422225235139,3.18027936848785e-13,8.23017698217131e-06,0,0,0,0,5.72605446083312e-05,0,0,0,0,0,0,1.08287083935313e-21,0,0,1.5452135855085e-06,0,8.85810419811928e-08,9.04018970342496e-06,3.90861722073731e-16,0.0240589438346233,5.88537127128998e-13,0,2.194079509388e-06,0.974633035367081,4.32579461628168e-08,0,0,0,0,0,0,0,0,0,5.38022488360021e-09,7.96071789322967e-08,0,0,3.58578509320834e-06,0,0,0,0,0,0,2.08282564902615e-26,0,0,0,0,0,6.79245457501984e-11,2.14699721028419e-10,0,0,1.72539624542076e-06,0,8.84044183860531e-13,0,0,0,0
"MQG.AX",0,0,1.88796543056451e-08,0,0,0,0,0,0,0.0140914571315622,0,6.79736478598758e-06,1.73236353281328e-06,1.60138295633073e-05,0,0,0,0,7.75723087750257e-05,0,0,0,0,0,0,6.19780630907841e-15,0,0,8.8451732596736e-05,0,4.89516526346563e-06,8.0068513566386e-06,1.11933015800393e-07,0.0325921784040546,1.29039305717394e-05,0,6.99743692405384e-05,0.00380243373398591,0.948441869881255,0,0,0,0,0,0,0,0,0,1.04995213903837e-08,2.19599959969707e-07,0,0,2.05505340143294e-05,0,0,0,0,0,0,2.17620774852904e-19,0,0,0,0,0,0.000362261688673106,0.00014692723418132,0,0,2.84386283050883e-06,0,0.000252768701598729,0,0,0,0
"X600036.SS",0,0,0,0,0,0,0,0,0,0,0,0,0,0,0,0,0,0,0,0,0,0,0,0,0,0,0,0,0,0,0,0,0,0,0,0,0,0,0,1,0,0,0,0,0,0,0,0,0,0,0,0,0,0,0,0,0,0,0,0,0,0,0,0,0,0,0,0,0,0,0,0,0,0,0,0
"X600000.SS",0,0,0,0,0,0,0,0,0,0,0,0,0,0,0,0,0,0,0,0,0,0,0,0,0,0,0,0,0,0,0,0,0,0,0,0,0,0,0,0,1,0,0,0,0,0,0,0,0,0,0,0,0,0,0,0,0,0,0,0,0,0,0,0,0,0,0,0,0,0,0,0,0,0,0,0
"X600016.SS",0,0,0,0,0,0,0,0,0,0,0,0,0,0,0,0,0,0,0,0,0,0,0,0,0,0,0,0,0,0,0,0,0,0,0,0,0,0,0,0,0,1,0,0,0,0,0,0,0,0,0,0,0,0,0,0,0,0,0,0,0,0,0,0,0,0,0,0,0,0,0,0,0,0,0,0
"X600015.SS",0,0,0,0,0,0,0,0,0,0,0,0,0,0,0,0,0,0,0,0,0,0,0,0,0,0,0,0,0,0,0,0,0,0,0,0,0,0,0,0,0,0,1,0,0,0,0,0,0,0,0,0,0,0,0,0,0,0,0,0,0,0,0,0,0,0,0,0,0,0,0,0,0,0,0,0
"HSBA.L",0,0,0,0,0,0,0,0,0,0,0,0,0,0,0,0,0,0,0,0,0,0,0,0,0,0,0,0,0,0,0,0,0,0,0,0,0,0,0,0,0,0,0,1,0,0,0,0,0,0,0,0,0,0,0,0,0,0,0,0,0,0,0,0,0,0,0,0,0,0,0,0,0,0,0,0
"BARC.L",0,0,4.77183848653922e-13,0,0,0,0,0,0,0.00438958660750483,0,1.2141976070523e-07,2.16623297419843e-08,2.19841084021905e-06,0,0,0,0,2.31383681166772e-05,0,0,0,0,0,0,7.75002750924725e-17,0,0,2.75497539316459e-05,0,0.00701285338184384,2.43763767944072e-06,3.4867910185555e-08,0.00642665323991672,1.59893534082454e-13,0.00187426184006467,0.000107392791887654,4.09801721093585e-06,1.17523510444585e-08,0,0,0,0,0,0.980039106860162,0,0,0,1.43717124278429e-09,3.31493333342273e-08,0,0,6.3950407881869e-06,0,0,0,0,0,0,2.72111505135301e-21,0,0,0,0,0,4.52990070827599e-06,3.71359170565891e-09,0,0,8.30943012481604e-07,0,7.87392032471212e-05,0,0,0,0
"LLOY.L",0,0,1.28023861065092e-14,0,0,0,0,0,0,0.000115649884352233,0,1.11766790323416e-09,2.15536459117869e-10,2.24617085441613e-06,0,0,0,0,1.5820311630672e-05,0,0,0,0,0,0,7.71095155208934e-19,0,0,7.2583432812071e-07,0,6.95210723738761e-05,6.9305478069355e-08,9.18644546156228e-10,0.00656609060177071,1.61154807609122e-13,0.000358316947704774,1.59861582601441e-07,6.69313719662619e-07,1.18449737783363e-08,0,0,0,0,0,0,0.992867863391271,0,0,1.46838048682367e-09,2.02454261387358e-08,0,0,1.68480045689719e-07,0,0,0,0,0,0,2.706504638484e-23,0,0,0,0,0,4.50720705949952e-08,9.96324959334526e-11,0,0,5.43346407289755e-07,0,2.07449597435602e-06,0,0,0,0
"STAN.L",0,0,1.83130291032101e-18,0,0,0,0,0,0,1.04093173091806e-13,0,3.73682782964962e-14,5.93293234535359e-16,1.74785752795099e-08,0,0,0,0,1.21596288224671e-07,0,0,0,0,0,0,2.04474052994644e-24,0,0,3.51631747111648e-16,0,1.61558718847736e-10,4.10143318866338e-11,8.23372919567931e-19,5.10907323424582e-05,1.25156034064163e-15,0,3.9700468380527e-11,4.51474205001874e-13,9.19906072606821e-11,0,0,0,0,0,0,0,0.999948766027701,0,1.14260810946009e-11,1.54679003726667e-10,0,0,6.17353235210811e-18,0,0,0,0,0,0,3.51394020252135e-29,0,0,0,0,0,1.26897199394939e-13,1.42565213522187e-14,0,0,3.66398539718333e-09,0,1.8635020861799e-15,0,0,0,0
"SAN.MC",0,0,1.61422031113513e-16,0,0,0,0,0,0,8.91658726584554e-09,0,5.90688256003641e-09,2.04431476820694e-08,1.43364261513125e-06,0,0,0,0,1.15162140861222e-05,0,0,0,0,0,0,7.31386154185242e-17,0,0,1.04182508038186e-10,0,0.00656460920828139,4.17411858266021e-09,7.04658102518554e-14,0.00419061528718108,1.09702069231739e-13,0,3.30142309053276e-09,7.0728360202456e-11,8.06334161078047e-09,0,0,0,0,0,0,0,0,0.989227138670471,9.37363648920605e-10,1.28747694952788e-08,0,0,6.02104149953945e-11,0,0,0,0,0,0,2.56799415306346e-21,0,0,0,0,0,4.27495257150815e-06,1.25824438163221e-12,0,0,3.47010663122565e-07,0,1.59936637886379e-10,0,0,0,0
"BBVA.MC",0,0,2.33170300084522e-16,0,0,0,0,0,0,9.84664538961759e-09,0,5.30346906229026e-09,1.83782943368835e-08,1.99608257982956e-06,0,0,0,0,0.000115575041869356,0,0,0,0,0,0,6.57512699592373e-17,0,0,1.05089650869301e-10,0,0.00590177338606575,5.61211695972101e-09,7.78488731247482e-14,0.00583465635079252,1.50123439882499e-13,0,4.78392545124570e-09,8.39182808482194e-11,1.10343578529226e-08,0,0,0,0,0,0,0,0,0,0.988138600167909,1.78620480738079e-08,0,0,5.67386371110462e-11,0,0,0,0,0,0,2.30859908586732e-21,0,0,0,0,0,3.84316278877823e-06,1.81687353883481e-12,0,0,3.48256272723471e-06,0,1.76619234649463e-10,0,0,0,0
"SAB.MC",0,0,5.60983786952658e-12,0,0,0,0,0,0,4.19151071398066e-06,0,9.40380611742186e-09,2.60840434846454e-08,3.70286227646497e-06,0,0,0,0,2.91542732619961e-05,0,0,0,0,0,0,9.33198276704721e-17,0,0,2.63705027440627e-08,0,0.0108876231329595,3.18537544861603e-09,3.32939189257851e-11,0.0108409309245819,3.83479983182234e-09,0,1.56452355378918e-08,1.13001615328374e-06,0.000281858671456005,0,0,0,0,0,0,0,0,0,2.42085862243865e-09,0.977944864248362,0,0,6.17212021999098e-09,0,0,0,0,0,0,3.27653184643326e-21,0,0,0,0,0,5.45454476991537e-06,4.36574744372173e-08,0,0,8.77816184407861e-07,0,7.5186159868441e-08,0,0,0,0
"SHB.A.ST",0,0,1.11648789827284e-14,0,0,0,0,0,0,7.90075106819535e-09,0,1.80898961342287e-11,4.94741875089808e-11,6.01517536687606e-08,0,0,0,0,4.47729215581816e-07,0,0,0,0,0,0,1.77001072393562e-19,0,0,4.98633930917563e-11,0,2.07785500019085e-05,1.24900448595839e-10,6.25820929663302e-14,0.000175872039776377,7.63254047714917e-12,0,1.4251360234031e-10,2.25921781297402e-09,5.60993544799485e-07,0,0,0,0,0,0,0,0,0,3.93185024624899e-11,0.00186528738407437,0.997936958483589,0,1.17501389333556e-11,0,0,0,0,0,0,6.17236827286143e-24,0,0,0,0,0,1.03464128833322e-08,8.68889454981087e-11,0,0,1.34894387950574e-08,0,1.41718538252472e-10,0,0,0,0
"SEB.A.ST",0,0,6.10202500049009e-17,0,0,0,0,0,0,4.89811783251496e-09,0,3.24950552076047e-09,1.12352167901642e-08,5.28192117389568e-07,0,0,0,0,4.37356644636119e-06,0,0,0,0,0,0,4.01957780056054e-17,0,0,5.72649709214582e-11,0,0.00360772392510325,1.65583478444013e-09,3.87102346467492e-14,0.0015439349298028,4.13053326045537e-14,0,1.22464073078437e-09,3.13801045988396e-11,3.03604910226164e-09,0,0,0,0,0,0,0,0,0,3.45366669060564e-10,4.76436161656556e-09,0,0.994840927538128,3.31100641226731e-11,0,0,0,0,0,0,1.4113304912451e-21,0,0,0,0,0,2.34944330765178e-06,4.75818346164167e-13,0,0,1.31785833066741e-07,0,8.78577111954184e-11,0,0,0,0
"SWED.A.ST",0,0,1.08045296559795e-14,0,0,0,0,0,0,8.07286580608780e-09,0,1.81110825317904e-11,5.0235438453059e-11,7.13163818118947e-09,0,0,0,0,5.61506074305741e-08,0,0,0,0,0,0,1.79725143355574e-19,0,0,5.07880759534647e-11,0,2.09696073900968e-05,6.10336117216693e-12,6.39495784356304e-14,2.08796700380063e-05,7.38583988078039e-12,0,3.01321230361472e-11,2.17641496772537e-09,5.42860975604739e-07,0,0,0,0,0,0,0,0,0,4.65951192649551e-12,0.00188352588848143,0,0,0.998073995849081,0,0,0,0,0,0,6.27168526459967e-24,0,0,0,0,0,1.05054705681955e-08,8.4084471490374e-11,0,0,1.69065639035388e-09,0,1.44806196543601e-10,0,0,0,0
"BNP.PA",0,0,8.47488200435924e-16,0,0,0,0,0,0,4.13883331097031e-09,0,2.68021272213634e-09,9.36968634963344e-09,7.98692266182144e-06,0,0,0,0,5.79718156608094e-05,0,0,0,0,0,0,3.35215106187733e-17,0,0,4.77455545909393e-11,0,0.00300962385410764,1.94417755389135e-08,3.26913574684718e-14,0.0233461782351679,5.79574120132044e-13,0,1.81603592494842e-08,2.30695208997644e-10,4.25993175883493e-08,0,0,0,0,0,0,0,0,0,5.22142594853926e-09,7.09162121549523e-08,0,0,2.73753191245225e-11,0.973574360092359,0,0,0,0,0,1.1769389616915e-21,0,0,0,0,0,1.95933655874294e-06,6.59939482537699e-12,0,0,1.74682839855929e-06,0,7.4234121505423e-11,0,0,0,0
"ACA.PA",0,0,4.90511075521691e-14,0,0,0,0,0,0,1.93428270424509e-08,0,4.17414490479336e-09,1.09586130665255e-08,0.00046840336412629,0,0,0,0,0.000297086820943242,0,0,0,0,0,0,3.92061623102605e-17,0,0,1.70616639409498e-10,0,0.00366659202864327,1.09952309219442e-06,1.5339309506021e-13,0.00244513565045177,3.35441266595822e-11,0,1.06333341665279e-06,1.21239632660556e-08,2.46550118857659e-06,0,0,0,0,0,0,0,0,0,3.06206154623597e-07,4.14532959293679e-06,0,0,7.26674015801337e-11,0,0.993102411126754,0,0,0,0,1.37656599323729e-21,0,0,0,0,0,2.2916018994501e-06,3.81731886670775e-10,0,0,8.95190846785203e-06,0,3.46958221928216e-10,0,0,0,0
"X055550.KS",0,0,5.45802637887057e-12,0,0,0,0,0,0,0.0333379018244965,0,9.78377122704616e-08,1.6635564515058e-07,0.00174498738252981,0,0,0,0,7.52535544184379e-06,0,0,0,0,0,0,5.95161714095412e-16,0,0,0.000209233431866429,0,3.28445602825893e-05,4.06767192869355e-05,0.0229716400742882,0.00310024974644021,1.2996264307278e-10,0,7.518129879232e-05,2.06337442060683e-06,9.55228431146769e-06,0,0,0,0,0,0,0,0,0,1.14083947382328e-06,0.000392344173339301,0,0,4.85669059063458e-05,0,0,0.937427468228263,0,0,0,2.08976454487673e-20,0,0,0,0,0,2.37366396653339e-08,4.2476029311475e-08,0,0,2.87100542756257e-07,0,0.000598006158870491,0,0,0,0
"X024110.KS",0,0,4.08713580462192e-12,0,0,0,0,0,0,3.04683968057605e-06,0,8.28832017899397e-08,7.13815491551997e-10,0.0389212341209892,0,0,0,0,4.796318772689e-06,0,0,0,0,0,0,2.55188881067592e-18,0,0,2.2019228749399e-08,0,0.00010864573513303,9.13701297172757e-05,0.053540374003191,0.00184459115974462,2.7934293219478e-09,0,8.83985246426065e-05,1.00822678413394e-06,0.000205317698816783,0,0,0,0,0,0,0,0,0,2.54437077367955e-05,0.00182999731726649,0,0,6.73065311630146e-09,0,0,0,0.90333528063709,0,0,8.96026772246061e-23,0,0,0,0,0,1.49269017168036e-07,3.18073397424812e-08,0,0,1.44706943626028e-07,0,5.46527186370587e-08,0,0,0,0
"UBSG.SW",0,0,8.96618048229761e-17,0,0,0,0,0,0,5.09647077857031e-12,0,1.82957568423445e-12,2.90480301745258e-14,8.55762635696576e-07,0,0,0,0,5.95343490175948e-06,0,0,0,0,0,0,1.00111852209938e-22,0,0,1.72161235049641e-14,0,7.91002200408048e-09,2.00808888569915e-09,4.0312884119145e-17,0.0025014361336593,6.12772241852205e-14,0,1.94376125721964e-09,2.21044764486235e-11,4.50392113028889e-09,0,0,0,0,0,0,0,0,0,5.59428507005442e-10,7.57318658982624e-09,0,0,3.02260237617389e-16,0,0,0,0,0.9974915507431,0,1.72044842402861e-27,0,0,0,0,0,6.21297102768045e-12,6.98008738878243e-13,0,0,1.7939115462821e-07,0,9.12382978242428e-14,0,0,0,0
"CSGN.SW",0,0,3.19406332059277e-14,0,0,0,0,0,0,1.96134528222725e-08,0,5.00290774604791e-11,1.24968289788201e-10,1.73535059677706e-06,0,0,0,0,1.23041903839547e-05,0,0,0,0,0,0,4.47082757507854e-19,0,0,1.24862972791828e-10,0,5.33544689494502e-05,3.99113395042914e-09,1.55330383770862e-13,0.00507271602446994,2.18376864285643e-11,0,3.90236263338692e-09,6.53609761234283e-09,1.60507531496351e-06,0,0,0,0,0,0,0,0,0,1.13441323933485e-09,0.00478122597510364,0,0,2.99720120864056e-11,0,0,0,0,0,0.990076625902792,1.55587025987238e-23,0,0,0,0,0,2.61354599927365e-08,2.48574124479147e-10,0,0,3.70747226566685e-07,0,3.51810558180786e-10,0,0,0,0
"KBC.BR",0,0,1.64395857722339e-08,0,0,0,0,0,0,0.00045775503904194,0,2.50140519944672e-09,6.68469655257185e-11,9.17649916268198e-07,0,0,0,0,3.70459611690565e-06,0,0,0,0,0,0,2.39154646971301e-19,0,0,2.87317586313237e-06,0,2.19175496279475e-05,0.00142630978362882,3.63609677943033e-09,0.00153470656582097,6.58378501573313e-14,0,2.34247108147475e-06,3.19182766881008e-08,4.83909767976454e-09,0,0,0,0,0,0,0,0,0,5.99890761364208e-10,1.41885691752887e-08,0,0,6.66855739243631e-07,0,0,0,0,0,0,0.996412456727685,0,0,0,0,0,1.39789808083169e-08,0.00012793787584348,0,0,1.12456201614321e-07,0,8.21108461771017e-06,0,0,0,0
"ITUB4.SA",0,0,4.39175170900057e-11,0,0,0,0,0,0,0.000491002555502771,0,9.66328937868771e-10,1.55022590245118e-12,1.47226817486477e-05,0,0,0,0,0.00010238845342148,0,0,0,0,0,0,5.47611696914901e-21,0,0.000243505759274353,3.38708744929623e-06,0,5.05738996696657e-07,3.06965894293827e-07,3.90019259276775e-09,0.0430200672471482,1.05390842972546e-12,0,6.90797095336424e-07,2.96971541428146e-08,7.74633427269882e-08,0,0,0,0,0,0,0,0,0,9.62447255322112e-09,1.06287863841369e-07,0,0,7.15285180784027e-07,0,0,0,0,0,0,3.02993330400638e-26,0.956110245313502,0,0,0,0,3.29693611625262e-10,3.41779532653972e-07,0,0,3.08455022596998e-06,0,8.80746945754832e-06,0,0,0,0
"BBDC4.SA",0,0,1.51251239584188e-09,0,0,0,0,0,0,1.65577519906061e-10,0,5.51628660905653e-11,9.70888222356444e-12,2.4554016952806e-05,0,0,0,0,0.000167146540661733,0,0,0,0,0,0,3.46918061163809e-20,0,0.00839678196101563,1.05343199487492e-05,0,3.17401521242586e-06,5.79708235419774e-08,1.30981949366983e-15,0.0701246522160436,1.75593066635139e-12,0,5.60707633238095e-08,6.29070363540591e-10,1.29061966909524e-07,0,0,0,0,0,0,0,0,0,1.60514446573422e-08,2.17293726934921e-07,0,0,8.13961406864977e-14,0,0.000825261448582066,0,0,0,0,1.17722725158317e-24,0,0.920430607266417,0,0,0,2.03321634079081e-09,1.17708332724288e-05,0,0,5.03652311659017e-06,0,2.96475620585088e-12,0,0,0,0
"DBK.DE",0,0,1.79360093395366e-17,0,0,0,0,0,0,6.69663286740603e-10,0,7.23883383179375e-07,1.52603608187598e-09,6.26757407599874e-07,0,0,0,0,4.63452476572238e-06,0,0,0,0,0,0,5.45963578424541e-18,0,0,9.20938512335643e-10,0,0.000490111412280897,1.27411816671637e-09,5.29029827233138e-15,0.00183204046740782,4.5359384512664e-14,0,1.36531679567921e-11,0.000575956337252162,3.33394062119721e-09,0,0,0,0,0,0,0,0,0,4.09736390972715e-10,5.56333748698895e-09,0,0,2.12349133936571e-09,0,0,0,0,0,0,1.91690564059979e-22,0,0,0.997095432005283,0,0,3.19115866889812e-07,1.39727768694165e-13,0,0,1.39649236089488e-07,0,1.20114009189308e-11,0,0,0,0
"CBK.DE",0,0,2.50136037462424e-15,9.62156628780727e-06,0,0,0,0,0,2.65508942359682e-12,0,2.77316198427295e-12,4.78259033417834e-14,1.30012790715807e-06,0,0,0,0,9.04713770832371e-06,0,0,0,0,0,0,1.63294852020855e-22,0,0,1.34333709404141e-07,0,2.3084648477864e-08,3.741160617177e-09,2.06393181781603e-17,0.00380054975421848,1.20002563587647e-13,0,2.95072196394907e-09,4.23443004565977e-11,8.82026676665965e-09,0,0,0,0,0,0,0,0,0,8.49918485957279e-10,5.56442330417285e-07,0,0,1.47196374960931e-15,0,0,0,0,0,0,2.64082843596114e-27,0,0,0,0.9961784785017,0,1.0228354028254e-11,1.94667265083223e-11,0,0,2.72611735540101e-07,0,4.72851367981213e-14,0,0,0,0
"BIRG.IR",0,0,3.62514038255955e-13,0,0,0,0,0,0,0.00333524520959237,0,7.6302222490787e-09,4.40504521512801e-12,8.35910255595575e-07,0,0,0,0,5.82209919209064e-06,0,0,0,0,0,0,1.56251783531765e-20,0,0,2.09324064055952e-05,0,1.51591749343352e-06,0.00179050975869671,4.5736810999057e-05,0.00244532843567848,6.79843318933638e-14,0,5.58043257432521e-06,1.98938395986875e-07,4.99693891861674e-09,0,0,0,0,0,0,0,0,0,5.46448670614619e-10,5.18525914830843e-07,0,0,4.85874087245928e-06,0,0,0,0,0,0,5.43013484625519e-25,0,0,0,0,0.992282830115496,9.21529853174338e-10,2.82119564646201e-09,0,0,2.4306145680548e-07,0,5.98267158056452e-05,0,0,0,0
"SBIN.NS",0,0,1.05472897127265e-12,0,0,0,0,0,0,0.00196567359209467,0,0.00131305688659871,0.00451506211461806,1.63140643998204e-05,0,0,0,0,0.000113502107418959,0,0,0,0,0,0,1.61533551952845e-11,0,0,2.30364220931172e-05,0,4.66911533992157e-07,9.6143813787411e-05,1.56139830804399e-08,0.0476887418523693,4.48719463268589e-10,0,1.0216790096477e-05,5.20199635237963e-06,3.29809840086696e-05,0,0,0,0,0,0,0,0,0,1.07256313584066e-08,4.28787254720427e-06,0,0,1.33458597890116e-05,0,0,0,0,0,0,5.67185538564214e-16,0,0,0,0,0,0.944163270347099,8.20822365357209e-09,0,0,3.40365647550587e-06,0,3.52597149514588e-05,0,0,0,0
"BANKBARODA.NS",0,0,0.000125656481579176,0,0,0,0,0,0,2.34782127505141e-07,0,6.48800445030179e-09,5.24062456118552e-11,0.00300723101303716,0,0,0,0,4.48391014162966e-05,0,0,0,0,0,0,1.87475763017996e-19,0,0,2.16771337141705e-06,0,6.38502700924409e-06,1.93542391533531e-05,1.86489570093245e-12,0.0188443221822276,2.1546781230289e-10,0,6.83705188612009e-06,7.76189052292532e-08,1.58369338478237e-05,0,0,0,0,0,0,0,0,0,1.96589621826799e-06,2.6613068930483e-05,0,0,5.18843407828212e-10,0,0,0,0,0,0,6.43764993072887e-24,0,0,0,0,0,1.09594646295497e-08,0.977897105311881,0,0,1.35113090910274e-06,0,4.2114483559423e-09,0,0,0,0
"D05.SI",0,0,2.73311816966902e-12,0,0,0,0,0,0,0.0251512755705733,0,4.8024980819738e-08,2.26286248043466e-11,5.54819655359893e-07,0,0,0,0,3.85895816510857e-06,0,0,0,0,0,0,8.03084789219314e-20,0,0,0.000157852466466614,0,7.49356410624e-06,1.39534560524613e-05,2.14481207867706e-05,0.00161908344701123,5.33391372069486e-14,0,3.36713335997835e-05,1.49914784452048e-06,3.92047705778313e-09,0,0,0,0,0,0,0,0,0,3.62694888507867e-10,3.15619453716088e-07,0,0,3.66400160117695e-05,0,0,0,0,0,0,2.81886270797866e-24,0,0,0,0,0,4.73215998002957e-09,2.12699608551485e-08,0.972500956669741,0,1.61776838342718e-07,0,0.000451156698005077,0,0,0,0
"U11.SI",0,0,7.27542805666324e-13,0,0,0,0,0,0,0.000704029094519141,0,4.75326407857956e-09,0.000866263238713967,0.000470551627889428,0,0,0,0,9.80190162931842e-07,0,0,0,0,0,0,3.09919496833217e-12,0,0,4.41876755236605e-06,0,1.79962260522654e-06,3.09705775485528e-05,5.59233150424624e-09,0.000403624370680583,2.27122326358809e-10,0,4.0184371997246e-06,1.19901441947824e-07,1.66935433228242e-05,0,0,0,0,0,0,0,0,0,3.11409073150069e-07,8.5081943616324e-06,0,0,1.02730639590765e-06,0,0,0,0,0,0,1.08820647241648e-16,0,0,0,0,0,7.74800016048242e-09,5.66196035086148e-09,0,0.997474000225304,3.08255152172002e-08,0,1.26286812086397e-05,0,0,0,0
"EBS.VI",0,0,6.38486916330023e-14,0,0,0,0,0,0,0.00058734495154338,0,2.91644808244246e-08,9.62953316545086e-08,2.28569149068285e-08,0,0,0,0,4.42833027898174e-07,0,0,0,0,0,0,3.44511896063183e-16,0,0,3.68647649708622e-06,0,0.0309284739357091,3.28244269828996e-07,4.66546988614951e-09,6.7482114148322e-05,1.55500646756837e-14,0,7.86470660517233e-07,3.51266614350085e-08,1.14322767593522e-09,0,0,0,0,0,0,0,0,0,1.50978038288111e-11,2.27709038201827e-09,0,0,8.55859246328305e-07,0,0,0,0,0,0,1.20964056048683e-20,0,0,0,0,0,2.0136717314837e-05,4.96893580435997e-10,0,0,0.968379734723356,0,1.05356329783828e-05,0,0,0,0
"DANSKE.CO",0,0,3.76973965125785e-12,0.001716165176576,0,0,0,0,0,7.78799033448335e-11,0,5.2654175392839e-13,5.58078940101357e-13,1.34346008623054e-07,0,0,0,0,9.32458976821703e-07,0,0,0,0,0,0,1.95759392095809e-21,0,9.34552503492225e-06,2.39723588257003e-05,0,2.54003814108534e-07,1.23548130969914e-07,6.15771218203067e-16,0.000389917714293257,1.52001217324516e-13,0,3.06654130615857e-10,4.71378896057661e-11,1.11721348907964e-08,0,0,0,0,0,0,0,0,0,8.78243547154695e-11,2.19238051093159e-05,0,0,1.34950696987353e-13,0,9.18506823672129e-07,0,0,0,0,6.86674514055487e-26,0,0.0010244290399648,0,0,0,1.16723614342757e-10,2.93372650335324e-08,0,0,2.80968708945197e-08,0.996811814267418,1.3913969363541e-12,0,0,0,0
"INGA.AS",0,0,6.23155694570426e-16,0,0,0,0,0,0,5.16420712784538e-06,0,1.36755203450924e-08,4.707590145329e-08,1.8101958062473e-07,0,0,0,0,2.17075880790751e-06,0,0,0,0,0,0,1.68421532027655e-16,0,0,3.25255793458619e-08,0,0.0151161124770668,4.60397468783099e-09,0.000435652911269522,0.000529219535954395,4.17556675373766e-14,0,7.38924596449985e-09,3.77971812303997e-10,3.06925650994859e-09,0,0,0,0,0,0,0,0,0,1.18486974012219e-10,4.7747389458808e-06,0,0,7.63445295304665e-09,0,0,0,0,0,0,5.91355583886753e-21,0,0,0,0,0,9.84423791493097e-06,4.8515020677161e-12,0,0,9.92670615603429e-05,0,0.983797496576488,0,0,0,0
"DNB.OL",0,0,4.17531839173332e-17,0,0,0,0,0,0,2.37329465057156e-12,0,8.51986084658276e-13,1.35269164914515e-14,3.9850653004773e-07,0,0,0,0,2.772360682275e-06,0,0,0,0,0,0,4.66195007548555e-23,0,0,8.01710351989355e-15,0,3.68349269991376e-09,9.35115066359495e-10,1.87726676725727e-17,0.00116485412213536,2.85352187188356e-14,0,9.05159353242033e-10,1.02934830765221e-11,2.09735960226764e-09,0,0,0,0,0,0,0,0,0,2.60511389300205e-10,3.52663715781314e-09,0,0,1.40754776429637e-16,0,0,0,0,0,0,8.01168341531588e-28,0,0,0,0,0,2.89321994470192e-12,3.2504461969988e-13,0,0,8.353782178624e-08,0,4.24873159410666e-14,0.998831880047725,0,0,0
"SBER.ME",0,0,0,0,0,0,0,0,0,0,0,0,0,0,0,0,0,0,0,0,0,0,0,0,0,0,0,0,0,0,0,0,0,0,0,0,0,0,0,0,0,0,0,0,0,0,0,0,0,0,0,0,0,0,0,0,0,0,0,0,0,0,0,0,0,0,0,0,0,0,0,0,0,1,0,0
"ISCTR.IS",0,0,0,0,0,0,0,0,0,0,0,0,0,0,0,0,0,0,0,0,0,0,0,0,0,0,0,0,0,0,0,0,0,0,0,0,0,0,0,0,0,0,0,0,0,0,0,0,0,0,0,0,0,0,0,0,0,0,0,0,0,0,0,0,0,0,0,0,0,0,0,0,0,0,1,0
"SBK.JO",0,0,2.42776171902962e-14,0,0,0,0,0,0,0.000219857012326169,0,4.89066598529297e-10,2.14614953324948e-10,1.15453827435238e-06,0,0,0,0,8.0524135291283e-06,0,0,0,0,0,0,7.67764305511607e-19,0,0,1.3797175727829e-06,0,6.99651493459804e-05,1.2719135123397e-07,9.72017143321276e-05,0.00337539219431993,8.9249385157623e-14,0,3.01042321153339e-07,1.31252894066332e-08,6.56006260999159e-09,0,0,0,0,0,0,0,0,0,7.54737089352311e-10,1.07576818269676e-06,0,0,3.20187945090603e-07,0,0,0,0,0,0,2.67848020105026e-23,0,0,0,0,0,4.48813038859897e-08,1.88937335688659e-10,0,0,0.00218196230442116,0,3.94373490336928e-06,0,0,0,0.994039200817049
