Date,Mkt-RF,SMB,HML,RF
27/09/2010,-0.46,0.2,-0.48,0.001
28/09/2010,0.58,0.53,0.1,0.001
29/09/2010,-0.17,0.66,-0.25,0.001
30/09/2010,-0.26,0.05,0.28,0.001
01/10/2010,0.43,-0.06,0.21,0.001
04/10/2010,-0.88,-0.73,-0.05,0.001
05/10/2010,2.11,0.77,0.16,0.001
06/10/2010,-0.1,-0.4,0.44,0.001
07/10/2010,-0.16,0.05,-0.27,0.001
08/10/2010,0.74,0.96,-0.18,0.001
11/10/2010,0.04,0.02,-0.22,0.001
12/10/2010,0.39,-0.06,0.21,0.001
13/10/2010,0.78,0.9,-0.33,0.001
14/10/2010,-0.38,0.42,-0.41,0.001
15/10/2010,0.18,-0.05,-1.26,0.001
18/10/2010,0.69,0.04,0.89,0.001
19/10/2010,-1.67,-0.69,0.27,0.001
20/10/2010,1.06,0.06,0.08,0.001
21/10/2010,0.11,-0.52,-0.49,0.001
22/10/2010,0.29,0.46,-0.41,0.001
25/10/2010,0.31,0.48,-0.53,0.001
26/10/2010,0.02,0,-0.16,0.001
27/10/2010,-0.24,-0.2,-0.29,0.001
28/10/2010,0.08,-0.61,-0.08,0.001
29/10/2010,0.07,0.33,-0.15,0.001
01/11/2010,-0.01,-0.64,-0.21,0.001
02/11/2010,0.9,1.35,-0.22,0.001
03/11/2010,0.38,-0.06,0.2,0.001
04/11/2010,1.94,0.45,1.04,0.001
05/11/2010,0.41,-0.11,0.65,0.001
08/11/2010,-0.12,0.45,-0.49,0.001
09/11/2010,-0.78,-0.39,-0.44,0.001
10/11/2010,0.53,0.57,0.58,0.001
11/11/2010,-0.35,-0.07,-0.14,0.001
12/11/2010,-1.29,-0.48,-0.06,0.001
15/11/2010,-0.09,0.2,0.32,0.001
16/11/2010,-1.58,-0.34,-0.1,0.001
17/11/2010,0.07,0.35,-0.3,0.001
18/11/2010,1.57,0.32,-0.31,0.001
19/11/2010,0.31,0.21,-0.22,0.001
22/11/2010,-0.02,0.61,-0.97,0.001
23/11/2010,-1.38,0.49,-0.28,0.001
24/11/2010,1.59,0.65,0.02,0.001
26/11/2010,-0.67,0.31,-0.35,0.001
29/11/2010,-0.13,0,0.42,0.001
30/11/2010,-0.59,-0.2,-0.01,0.001
01/12/2010,2.12,-0.08,0.01,0.001
02/12/2010,1.23,-0.33,0.63,0.001
03/12/2010,0.35,0.4,0.05,0.001
06/12/2010,-0.03,0.75,-0.07,0.001
07/12/2010,0.1,0.37,0.05,0.001
08/12/2010,0.32,-0.54,0.68,0.001
09/12/2010,0.42,-0.03,0.61,0.001
10/12/2010,0.67,0.44,0.24,0.001
13/12/2010,-0.08,-0.57,0.06,0.001
14/12/2010,0.09,-0.03,-0.11,0.001
15/12/2010,-0.49,0.21,-0.55,0.001
16/12/2010,0.7,0.43,-0.13,0.001
17/12/2010,0.15,0.16,-0.16,0.001
20/12/2010,0.23,-0.02,0.31,0.001
21/12/2010,0.68,0.34,0.74,0.001
22/12/2010,0.29,-0.4,0.81,0.001
23/12/2010,-0.16,0.1,-0.31,0.001
27/12/2010,0.08,0.2,0.46,0.001
28/12/2010,0,-0.42,0.18,0.001
29/12/2010,0.17,0.12,-0.15,0.001
30/12/2010,-0.11,0.13,-0.05,0.001
31/12/2010,-0.1,-0.64,0.22,0.001
03/01/2011,1.18,0.51,0.78,0
04/01/2011,-0.26,-1.38,0.05,0
05/01/2011,0.59,0.58,0.12,0
06/01/2011,-0.15,-0.07,-0.35,0
07/01/2011,-0.21,-0.24,-0.3,0
10/01/2011,-0.02,0.53,-0.16,0
11/01/2011,0.39,0.11,0.19,0
12/01/2011,0.87,-0.07,0.27,0
13/01/2011,-0.17,0.13,-0.35,0
14/01/2011,0.69,0.02,0.59,0
18/01/2011,0.18,0.09,-0.5,0
19/01/2011,-1.24,-1.35,-0.53,0
20/01/2011,-0.29,-1.04,0.72,0
21/01/2011,0.11,-0.91,0.59,0
24/01/2011,0.65,0.31,-0.28,0
25/01/2011,0.02,0.02,0.13,0
26/01/2011,0.6,1.39,-0.23,0
27/01/2011,0.26,-0.11,0.32,0
28/01/2011,-1.88,-0.88,-0.04,0
31/01/2011,0.71,-0.01,-0.32,0
01/02/2011,1.75,0.5,0.51,0.001
02/02/2011,-0.26,-0.05,-0.4,0.001
03/02/2011,0.26,-0.04,-0.04,0.001
04/02/2011,0.29,0.08,-0.49,0.001
07/02/2011,0.7,0.25,0.57,0.001
08/02/2011,0.48,0.22,0,0.001
09/02/2011,-0.31,-0.19,-0.05,0.001
10/02/2011,0.12,0.35,-0.3,0.001
11/02/2011,0.67,0.4,0.54,0.001
14/02/2011,0.3,0.21,-0.14,0.001
15/02/2011,-0.38,-0.37,0.3,0.001
16/02/2011,0.68,0.36,0.26,0.001
17/02/2011,0.37,0.38,0.2,0.001
18/02/2011,0.12,-0.14,0.03,0.001
22/02/2011,-2.19,-0.5,-0.29,0.001
23/02/2011,-0.78,-1.18,0.4,0.001
24/02/2011,0.04,0.72,-0.35,0.001
25/02/2011,1.22,1.01,0.26,0.001
28/02/2011,0.42,-0.44,0.25,0.001
01/03/2011,-1.58,-0.31,-0.04,0
02/03/2011,0.28,0.33,-0.27,0
03/03/2011,1.76,0.45,-0.06,0
04/03/2011,-0.67,0.29,-0.52,0
07/03/2011,-0.96,-0.74,0.1,0
08/03/2011,0.97,0.45,0.67,0
09/03/2011,-0.17,-0.27,0.32,0
10/03/2011,-1.93,-0.74,-0.3,0
11/03/2011,0.69,-0.34,0.12,0
14/03/2011,-0.59,0.11,-0.4,0
15/03/2011,-1.05,0.28,-0.15,0
16/03/2011,-1.77,0.64,-0.12,0
17/03/2011,1.12,-0.81,0.59,0
18/03/2011,0.49,0.56,0.22,0
21/03/2011,1.58,0.97,-0.27,0
22/03/2011,-0.34,-0.08,-0.05,0
23/03/2011,0.31,0.16,-0.42,0
24/03/2011,0.96,-0.11,-0.43,0
25/03/2011,0.41,0.43,-0.03,0
28/03/2011,-0.35,0.04,-0.19,0
29/03/2011,0.74,0.27,-0.21,0
30/03/2011,0.79,0.43,0.08,0
31/03/2011,-0.11,0.6,-0.3,0
01/04/2011,0.52,-0.11,0.23,0
04/04/2011,0.09,0.25,-0.11,0
05/04/2011,0.08,0.48,-0.22,0
06/04/2011,0.21,-0.2,0.63,0
07/04/2011,-0.2,-0.22,-0.2,0
08/04/2011,-0.47,-0.56,-0.27,0
11/04/2011,-0.39,-0.65,-0.07,0
12/04/2011,-0.84,-0.67,0.07,0
13/04/2011,0.11,0.15,-0.7,0
14/04/2011,0,0.39,-0.35,0
15/04/2011,0.44,0.58,-0.07,0
18/04/2011,-1.15,-0.39,-0.33,0
19/04/2011,0.5,-0.35,-0.18,0
20/04/2011,1.45,0.62,-0.58,0
21/04/2011,0.56,0.31,-0.09,0
25/04/2011,-0.16,-0.06,-0.04,0
26/04/2011,0.89,0.16,-0.02,0
27/04/2011,0.66,-0.09,-0.21,0
28/04/2011,0.32,-0.13,0.15,0
29/04/2011,0.29,0.2,-0.08,0
02/05/2011,-0.28,-0.9,-0.19,0
03/05/2011,-0.5,-1.01,0.41,0
04/05/2011,-0.74,-0.54,-0.08,0
05/05/2011,-0.82,0.51,-0.31,0
06/05/2011,0.46,0.03,-0.2,0
09/05/2011,0.55,0.68,-0.47,0
10/05/2011,0.86,0.66,0.25,0
11/05/2011,-1.09,-0.61,-0.41,0
12/05/2011,0.52,0.37,-0.41,0
13/05/2011,-0.88,-0.45,-0.3,0
16/05/2011,-0.76,-1.01,0.44,0
17/05/2011,-0.11,-0.48,0.15,0
18/05/2011,1.02,0.66,-0.31,0
19/05/2011,0.22,-0.03,-0.12,0
20/05/2011,-0.73,0.09,-0.2,0
23/05/2011,-1.29,-0.52,0.02,0
24/05/2011,-0.14,-0.28,-0.05,0
25/05/2011,0.45,1.02,-0.37,0
26/05/2011,0.52,0.67,-0.13,0
27/05/2011,0.49,0.18,0.23,0
31/05/2011,1.04,0.44,-0.05,0
01/06/2011,-2.33,-0.73,-0.27,0
02/06/2011,-0.1,-0.03,0.11,0
03/06/2011,-1.1,-0.55,0.17,0
06/06/2011,-1.18,-0.25,-0.32,0
07/06/2011,-0.04,0.32,-0.12,0
08/06/2011,-0.54,-0.73,0.06,0
09/06/2011,0.75,-0.09,0.01,0
10/06/2011,-1.37,-0.25,0.44,0
13/06/2011,0.01,-0.55,0.39,0
14/06/2011,1.36,1.04,-0.42,0
15/06/2011,-1.72,-0.01,-0.14,0
16/06/2011,0.12,-0.07,0.44,0
17/06/2011,0.25,-0.39,0.68,0
20/06/2011,0.58,0.39,-0.12,0
21/06/2011,1.52,0.95,-0.41,0
22/06/2011,-0.62,-0.1,0.02,0
23/06/2011,-0.14,0.64,-0.84,0
24/06/2011,-1.1,0.45,0.11,0
27/06/2011,0.89,0.04,-0.04,0
28/06/2011,1.36,0.43,-0.56,0
29/06/2011,0.77,-0.71,0.66,0
30/06/2011,0.99,0.18,-0.26,0
01/07/2011,1.45,-0.04,0.18,0
05/07/2011,-0.08,0.22,-0.86,0
06/07/2011,0.18,0.43,-0.58,0
07/07/2011,1.1,0.46,0.16,0
08/07/2011,-0.67,0,-0.43,0
11/07/2011,-1.91,-0.17,-0.25,0
12/07/2011,-0.45,0.05,0.45,0
13/07/2011,0.45,0.57,-0.12,0
14/07/2011,-0.82,-0.81,0.14,0
15/07/2011,0.58,0.09,-0.53,0
18/07/2011,-0.94,-0.58,-0.42,0
19/07/2011,1.72,0.56,-0.67,0
20/07/2011,-0.1,-0.31,0.77,0
21/07/2011,1.29,-0.37,1.13,0
22/07/2011,0.1,-0.1,-0.7,0
25/07/2011,-0.68,-0.58,0.13,0
26/07/2011,-0.47,-0.37,0.29,0
27/07/2011,-2.16,-0.78,0.39,0
28/07/2011,-0.31,0.11,-0.02,0
29/07/2011,-0.56,0.22,0.1,0
01/08/2011,-0.4,-0.17,0.15,0
02/08/2011,-2.68,-0.48,0.14,0
03/08/2011,0.58,0.26,-0.37,0
04/08/2011,-5.04,-0.83,0.39,0
05/08/2011,-0.36,-1.21,-0.58,0
08/08/2011,-6.97,-1.4,-1.61,0
09/08/2011,4.97,0.91,0.66,0
10/08/2011,-4.3,-0.49,-1.61,0
11/08/2011,4.72,0.26,0.76,0
12/08/2011,0.54,-0.18,-1.5,0
15/08/2011,2.25,0.44,0.98,0
16/08/2011,-1.07,-0.8,-0.06,0
17/08/2011,-0.01,-0.32,0.63,0
18/08/2011,-4.65,-1.03,0.6,0
19/08/2011,-1.55,0.14,-0.31,0
22/08/2011,-0.03,0.14,-0.91,0
23/08/2011,3.6,1.23,-0.81,0
24/08/2011,1.35,-0.19,0.97,0
25/08/2011,-1.67,-1,0.51,0
26/08/2011,1.74,0.88,-1.01,0
29/08/2011,3.11,1.52,0.87,0
30/08/2011,0.32,0.3,-0.79,0
31/08/2011,0.42,-0.79,0.48,0
01/09/2011,-1.33,-1.08,-0.78,0
02/09/2011,-2.64,-0.77,-0.74,0
06/09/2011,-0.72,0.5,-0.68,0
07/09/2011,3.06,0.91,0.98,0
08/09/2011,-1.18,-0.74,-0.6,0
09/09/2011,-2.65,-0.18,-0.03,0
12/09/2011,0.68,-0.02,0.35,0
13/09/2011,1.12,0.78,-0.43,0
14/09/2011,1.45,0.43,-0.36,0
15/09/2011,1.64,-0.56,0.55,0
16/09/2011,0.47,-0.36,-0.37,0
19/09/2011,-0.99,-0.52,-1.29,0
20/09/2011,-0.45,-1.48,0.25,0
21/09/2011,-2.92,-0.35,-1.26,0
22/09/2011,-3.29,0.12,0.46,0
23/09/2011,0.74,0.64,0.03,0
26/09/2011,2.28,-0.66,1.31,0
27/09/2011,1.22,1.11,-0.6,0
28/09/2011,-2.29,-1.63,-0.22,0
29/09/2011,0.77,0.57,2.1,0
30/09/2011,-2.5,-0.11,-0.14,0
03/10/2011,-3.18,-1.91,-0.61,0
04/10/2011,2.68,3.58,0.48,0
05/10/2011,1.92,-0.15,-0.52,0
06/10/2011,1.94,0.2,0.6,0
07/10/2011,-0.98,-1.23,-1.41,0
10/10/2011,3.44,0.45,0.63,0
11/10/2011,0.15,0.65,-0.11,0
12/10/2011,1.07,0.48,0.94,0
13/10/2011,-0.21,0.28,-1.29,0
14/10/2011,1.72,0.14,-0.32,0
17/10/2011,-2.06,-1.25,-0.52,0
18/10/2011,2.11,0.58,1.69,0
19/10/2011,-1.38,-0.75,0.34,0
20/10/2011,0.43,-0.33,0.74,0
21/10/2011,1.92,0.14,0.08,0
24/10/2011,1.59,1.74,-0.37,0
25/10/2011,-2.13,-0.87,-0.29,0
26/10/2011,1.12,0.68,0.79,0
27/10/2011,3.54,1.39,0.87,0
28/10/2011,-0.01,-0.53,-0.6,0
31/10/2011,-2.5,0.06,-0.85,0
01/11/2011,-2.86,-0.51,-1.14,0
02/11/2011,1.72,0.75,0.96,0
03/11/2011,1.97,0.6,-0.11,0
04/11/2011,-0.53,0.04,-0.66,0
07/11/2011,0.48,-0.7,0.38,0
08/11/2011,1.21,-0.03,0.58,0
09/11/2011,-3.78,-0.78,-0.68,0
10/11/2011,0.83,0.08,0.57,0
11/11/2011,1.98,0.46,-0.16,0
14/11/2011,-0.92,-0.46,-0.86,0
15/11/2011,0.56,0.88,-0.3,0
16/11/2011,-1.64,-0.15,-0.17,0
17/11/2011,-1.65,0.2,0.21,0
18/11/2011,-0.07,0.05,0.93,0
21/11/2011,-1.87,-0.49,-0.05,0
22/11/2011,-0.44,-0.27,-0.53,0
23/11/2011,-2.29,-0.71,-0.25,0
25/11/2011,-0.34,-1.02,0.5,0
28/11/2011,3.1,1.62,-0.69,0
29/11/2011,0.18,-0.48,0.12,0
30/11/2011,4.44,1.04,1.13,0
01/12/2011,-0.22,-0.5,-0.68,0
02/12/2011,0.05,0.43,0.62,0
05/12/2011,1.09,0.28,0.3,0
06/12/2011,0.04,-0.07,0.09,0
07/12/2011,0.16,-0.32,0.77,0
08/12/2011,-2.23,-0.73,-1.01,0
09/12/2011,1.83,1.32,0.11,0
12/12/2011,-1.48,0.06,-0.45,0
13/12/2011,-1.05,-1.02,0.08,0
14/12/2011,-1.21,-0.29,0.94,0
15/12/2011,0.4,0.66,0.16,0
16/12/2011,0.45,0.22,-0.09,0
19/12/2011,-1.31,-0.41,-0.71,0
20/12/2011,3.1,0.77,0.38,0
21/12/2011,0.2,-0.01,1.31,0
22/12/2011,0.83,-0.2,0.66,0
23/12/2011,0.84,-0.59,-0.14,0
27/12/2011,0.04,0.49,-0.56,0
28/12/2011,-1.34,-0.72,-0.07,0
29/12/2011,1.1,0.19,0.3,0
30/12/2011,-0.4,-0.04,-0.21,0
03/01/2012,1.5,-0.19,0.92,0
04/01/2012,0,-0.64,0.01,0
05/01/2012,0.39,0.18,0.17,0
06/01/2012,-0.19,0.02,-0.27,0
09/01/2012,0.28,0.24,-0.05,0
10/01/2012,0.97,0.39,0.38,0
11/01/2012,0.13,0.15,0.34,0
12/01/2012,0.31,0.3,0.01,0
13/01/2012,-0.52,-0.24,-0.45,0
17/01/2012,0.36,-0.08,-0.75,0
18/01/2012,1.22,0.54,0.18,0
19/01/2012,0.51,-0.15,-0.19,0
20/01/2012,0.03,0.23,0.66,0
23/01/2012,0.02,-0.28,0.15,0
24/01/2012,0,0.81,-0.33,0
25/01/2012,0.91,0.11,-0.82,0
26/01/2012,-0.59,0.23,-0.46,0
27/01/2012,0.01,0.82,-0.12,0
30/01/2012,-0.31,-0.44,-0.29,0
31/01/2012,-0.05,-0.06,0,0
01/02/2012,1.1,1.1,0.41,0
02/02/2012,0.17,0.39,-0.02,0
03/02/2012,1.58,0.59,0.39,0
06/02/2012,-0.05,-0.25,-0.23,0
07/02/2012,0.16,-0.27,-0.11,0
08/02/2012,0.25,-0.16,0.46,0
09/02/2012,0.15,-0.38,-0.32,0
10/02/2012,-0.75,-0.61,-0.04,0
13/02/2012,0.75,0.59,-0.07,0
14/02/2012,-0.09,-0.41,-0.35,0
15/02/2012,-0.5,-0.24,0.13,0
16/02/2012,1.27,0.69,0.29,0
17/02/2012,0.16,-0.31,0.56,0
21/02/2012,-0.05,-0.63,0.19,0
22/02/2012,-0.39,-0.37,-0.68,0
23/02/2012,0.56,0.9,-0.06,0
24/02/2012,0.15,-0.45,-0.64,0
27/02/2012,0.14,-0.22,0.37,0
28/02/2012,0.28,-0.64,-0.11,0
29/02/2012,-0.55,-1.03,0.15,0
01/03/2012,0.64,-0.24,0.04,0
02/03/2012,-0.46,-1.24,-0.02,0
05/03/2012,-0.4,0.45,0.32,0
06/03/2012,-1.62,-0.32,-0.35,0
07/03/2012,0.8,0.29,0.29,0
08/03/2012,1.07,0.35,-0.27,0
09/03/2012,0.49,0.91,0.17,0
12/03/2012,-0.07,-0.2,-0.06,0
13/03/2012,1.86,0.06,0.95,0
14/03/2012,-0.23,-0.63,-0.2,0
15/03/2012,0.67,0.26,0.52,0
16/03/2012,0.06,-0.28,0.36,0
19/03/2012,0.41,0.51,-0.06,0
20/03/2012,-0.39,-0.66,0.28,0
21/03/2012,-0.1,0.31,-0.42,0
22/03/2012,-0.74,-0.14,-0.42,0
23/03/2012,0.39,0.58,0.37,0
26/03/2012,1.45,0.46,-0.22,0
27/03/2012,-0.3,-0.34,-0.34,0
28/03/2012,-0.52,-0.05,0.49,0
29/03/2012,-0.16,0,-0.25,0
30/03/2012,0.28,-0.7,-0.02,0
02/04/2012,0.77,0.35,0.05,0
03/04/2012,-0.34,-0.29,-0.31,0
04/04/2012,-1.11,-0.55,-0.03,0
05/04/2012,-0.03,-0.1,-0.43,0
09/04/2012,-1.21,-0.45,-0.08,0
10/04/2012,-1.85,-0.42,0.08,0
11/04/2012,0.85,0.77,0.26,0
12/04/2012,1.44,0.07,0.29,0
13/04/2012,-1.25,-0.14,-0.74,0
16/04/2012,-0.09,0.15,0.85,0
17/04/2012,1.55,0.05,-0.23,0
18/04/2012,-0.43,-0.48,-0.42,0
19/04/2012,-0.57,-0.02,0.26,0
20/04/2012,0.11,0.55,-0.08,0
23/04/2012,-0.95,-0.54,0.12,0
24/04/2012,0.29,0.27,0.86,0
25/04/2012,1.44,0.4,-1.05,0
26/04/2012,0.75,-0.02,-0.01,0
27/04/2012,0.35,0.72,-0.22,0
30/04/2012,-0.49,-0.59,0.03,0
01/05/2012,0.48,-0.85,0.42,0
02/05/2012,-0.15,0.71,-0.66,0
03/05/2012,-0.92,-0.62,0.05,0
04/05/2012,-1.62,-0.21,0.18,0
07/05/2012,0.04,0.12,0.49,0
08/05/2012,-0.41,0.35,0.32,0
09/05/2012,-0.62,0.17,-0.21,0
10/05/2012,0.29,0.07,0.55,0
11/05/2012,-0.29,0.27,-1.07,0
14/05/2012,-1.14,-0.06,-0.17,0
15/05/2012,-0.52,0.49,-0.16,0
16/05/2012,-0.44,-0.16,-0.44,0
17/05/2012,-1.64,-0.51,0.45,0
18/05/2012,-0.8,-0.16,0.07,0
21/05/2012,1.69,0.66,-1.11,0
22/05/2012,0,-0.9,0.37,0
23/05/2012,0.26,0.48,-0.21,0
24/05/2012,0.16,0.01,0.17,0
25/05/2012,-0.16,0.24,-0.12,0
29/05/2012,1.14,0.17,-0.02,0
30/05/2012,-1.47,-0.27,-0.31,0
31/05/2012,-0.23,0.13,0.54,0
01/06/2012,-2.6,-0.52,0.11,0
04/06/2012,-0.05,0.1,-0.58,0
05/06/2012,0.68,0.26,0.12,0
06/06/2012,2.32,0.06,0.27,0
07/06/2012,-0.1,-0.47,0.23,0
08/06/2012,0.85,0.2,0.06,0
11/06/2012,-1.41,-0.85,-0.06,0
12/06/2012,1.16,0.11,0.1,0
13/06/2012,-0.77,-0.5,0.27,0
14/06/2012,1.04,0.21,0.35,0
15/06/2012,1.07,0.08,-0.02,0
18/06/2012,0.21,0.12,-0.85,0
19/06/2012,1.09,0.67,0.24,0
20/06/2012,-0.14,-0.11,0.2,0
21/06/2012,-2.26,-0.08,0.06,0
22/06/2012,0.79,0.64,0.14,0
25/06/2012,-1.63,0.1,-0.23,0
26/06/2012,0.52,-0.13,-0.01,0
27/06/2012,0.92,0.39,0.46,0
28/06/2012,-0.24,0.19,0.35,0
29/06/2012,2.55,0.36,-0.6,0
02/07/2012,0.33,0.73,-0.02,0
03/07/2012,0.76,0.69,0.08,0
05/07/2012,-0.36,0.58,-0.86,0
06/07/2012,-0.99,-0.4,0.35,0
09/07/2012,-0.23,-0.25,-0.22,0
10/07/2012,-0.84,-0.36,0.31,0
11/07/2012,-0.09,-0.41,0.76,0
12/07/2012,-0.5,0.23,-0.72,0
13/07/2012,1.62,-0.38,0.57,0
16/07/2012,-0.31,-0.42,-0.24,0
17/07/2012,0.67,-0.55,0.25,0
18/07/2012,0.71,0.29,-0.8,0
19/07/2012,0.27,-0.37,-0.93,0
20/07/2012,-1.06,-0.33,0.07,0
23/07/2012,-1.02,-0.68,0.18,0
24/07/2012,-0.99,-0.57,0.31,0
25/07/2012,-0.01,0.25,-0.01,0
26/07/2012,1.53,-0.84,0.36,0
27/07/2012,1.96,0.57,0.11,0
30/07/2012,-0.13,-0.4,0.22,0
31/07/2012,-0.47,-0.01,0.2,0
01/08/2012,-0.5,-1.6,0.31,0
02/08/2012,-0.69,0.25,-0.36,0
03/08/2012,1.99,0.54,0.54,0
06/08/2012,0.34,0.57,0.02,0
07/08/2012,0.64,0.33,0.08,0
08/08/2012,0.09,-0.26,0.6,0
09/08/2012,0.12,0.37,0.06,0
10/08/2012,0.17,-0.34,-0.03,0
13/08/2012,-0.14,-0.15,0.03,0
14/08/2012,-0.03,-0.43,-0.05,0
15/08/2012,0.27,0.73,-0.05,0
16/08/2012,0.75,0.46,-0.18,0
17/08/2012,0.27,0.59,0.1,0
20/08/2012,-0.06,-0.46,0.61,0
21/08/2012,-0.31,0.09,0.41,0
22/08/2012,0,-0.43,-0.37,0
23/08/2012,-0.78,0.01,-0.36,0
24/08/2012,0.61,-0.26,-0.05,0
27/08/2012,-0.06,0.12,-0.11,0
28/08/2012,0.01,0.6,-0.09,0
29/08/2012,0.15,0.25,0.12,0
30/08/2012,-0.8,-0.44,-0.04,0
31/08/2012,0.52,-0.07,-0.01,0
04/09/2012,0.08,0.98,-0.17,0
05/09/2012,-0.05,-0.08,0.34,0
06/09/2012,2.07,-0.11,0.31,0
07/09/2012,0.45,-0.02,0.75,0
10/09/2012,-0.57,0.31,-0.08,0
11/09/2012,0.28,0.02,0.53,0
12/09/2012,0.27,0.13,0.28,0
13/09/2012,1.56,-0.4,0.55,0
14/09/2012,0.54,0.54,0.48,0
17/09/2012,-0.42,-0.17,-0.73,0
18/09/2012,-0.15,0,-0.2,0
19/09/2012,0.18,-0.14,0.02,0
20/09/2012,-0.13,-0.43,-0.13,0
21/09/2012,0.04,0.49,-0.02,0
24/09/2012,-0.26,-0.21,0.32,0
25/09/2012,-1.11,-0.34,-0.36,0
26/09/2012,-0.57,-0.02,0.02,0
27/09/2012,0.99,0.24,-0.13,0
28/09/2012,-0.46,-0.31,-0.26,0
01/10/2012,0.26,0.07,0.23,0
02/10/2012,0.1,-0.15,0.27,0
03/10/2012,0.36,-0.65,0,0
04/10/2012,0.76,-0.19,0.72,0
05/10/2012,-0.03,-0.18,0.21,0
08/10/2012,-0.36,-0.23,0.19,0
09/10/2012,-1.05,-0.3,0.33,0
10/10/2012,-0.58,0.4,0.28,0
11/10/2012,0.11,0.33,0.67,0
12/10/2012,-0.34,-0.31,-0.88,0
15/10/2012,0.79,-0.15,0.16,0
16/10/2012,1,-0.23,-0.22,0
17/10/2012,0.49,0.15,1.06,0
18/10/2012,-0.31,-0.6,0.25,0
19/10/2012,-1.68,-0.4,0.45,0
22/10/2012,0.01,-0.05,0.19,0
23/10/2012,-1.29,0.99,-0.5,0
24/10/2012,-0.28,-0.14,0.4,0
25/10/2012,0.27,0.15,-0.03,0
26/10/2012,-0.07,-0.11,-0.42,0
31/10/2012,0.14,0.5,0.37,0
01/11/2012,1.19,0.16,0.16,0
02/11/2012,-1.04,-0.56,0.24,0
05/11/2012,0.28,0.43,-0.23,0
06/11/2012,0.8,-0.04,0.56,0
07/11/2012,-2.31,-0.05,-1.37,0
08/11/2012,-1.24,-0.28,0.42,0
09/11/2012,0.15,0.02,-0.11,0
12/11/2012,0,-0.17,0.02,0
13/11/2012,-0.4,-0.2,-0.3,0
14/11/2012,-1.4,-0.36,-0.21,0
15/11/2012,-0.24,-0.43,0.21,0
16/11/2012,0.58,0.06,0.08,0
19/11/2012,1.98,0.27,-0.06,0
20/11/2012,0.11,-0.07,0.15,0
21/11/2012,0.31,0.39,-0.11,0
23/11/2012,1.28,-0.16,0.08,0
26/11/2012,-0.14,0.54,-0.18,0
27/11/2012,-0.43,0.45,-0.21,0
28/11/2012,0.83,0.02,-0.29,0
29/11/2012,0.54,0.68,-0.02,0
30/11/2012,0.02,-0.15,0.26,0
03/12/2012,-0.46,0.29,0.22,0.001
04/12/2012,-0.16,0.35,-0.06,0.001
05/12/2012,0.17,-0.66,0.93,0.001
06/12/2012,0.31,-0.18,-0.13,0.001
07/12/2012,0.27,-0.42,0.31,0.001
10/12/2012,0.11,0.46,-0.01,0.001
11/12/2012,0.68,0.46,-0.03,0.001
12/12/2012,-0.02,-0.7,0.52,0.001
13/12/2012,-0.58,0.04,0.03,0.001
14/12/2012,-0.34,0.3,0.26,0.001
17/12/2012,1.16,-0.08,0.6,0.001
18/12/2012,1.2,0.31,0.1,0.001
19/12/2012,-0.6,0.59,0.24,0.001
20/12/2012,0.53,-0.24,0.76,0.001
21/12/2012,-0.88,0.44,-0.34,0.001
24/12/2012,-0.24,-0.19,-0.02,0.001
26/12/2012,-0.54,-0.17,0.32,0.001
27/12/2012,-0.11,0,-0.14,0.001
28/12/2012,-1,0.46,0.01,0.001
31/12/2012,1.71,0.42,-0.08,0.001
02/01/2013,2.62,0.14,0.39,0
03/01/2013,-0.14,0.12,0.05,0
04/01/2013,0.55,0.11,0.37,0
07/01/2013,-0.31,-0.09,-0.34,0
08/01/2013,-0.27,0.03,0,0
09/01/2013,0.34,0.29,-0.41,0
10/01/2013,0.66,-0.66,0.48,0
11/01/2013,0.02,0.08,-0.44,0
14/01/2013,-0.06,0.02,-0.09,0
15/01/2013,0.19,0.24,0,0
16/01/2013,-0.04,-0.24,0.24,0
17/01/2013,0.61,0.42,-0.1,0
18/01/2013,0.29,0.03,-0.1,0
22/01/2013,0.48,0.16,0.46,0
23/01/2013,0.1,-0.3,-0.12,0
24/01/2013,0.09,0.26,0.03,0
25/01/2013,0.59,-0.06,-0.29,0
28/01/2013,-0.14,0.39,0.12,0
29/01/2013,0.36,-0.44,0.32,0
30/01/2013,-0.38,-0.88,0.12,0
31/01/2013,-0.08,0.7,0.17,0
01/02/2013,0.99,0.07,0.24,0
04/02/2013,-1.19,-0.13,-0.16,0
05/02/2013,1.07,-0.09,0.15,0
06/02/2013,0.15,0.29,0.14,0
07/02/2013,-0.15,-0.06,0.02,0
08/02/2013,0.58,0,-0.19,0
11/02/2013,-0.08,-0.03,0.37,0
12/02/2013,0.16,0.2,0.71,0
13/02/2013,0.14,0.1,0.01,0
14/02/2013,0.11,0.33,0.16,0
15/02/2013,-0.11,0.03,-0.08,0
19/02/2013,0.74,0.22,0.18,0
20/02/2013,-1.36,-0.55,-0.6,0
21/02/2013,-0.66,-0.3,-0.08,0
22/02/2013,0.94,0.16,-0.07,0
25/02/2013,-1.82,-0.19,-0.75,0
26/02/2013,0.58,-0.19,0.04,0
27/02/2013,1.29,-0.38,0.16,0
28/02/2013,-0.05,0.11,-0.15,0
01/03/2013,0.22,0.14,-0.31,0
04/03/2013,0.47,-0.39,0.08,0
05/03/2013,1.01,0.21,-0.14,0
06/03/2013,0.18,0.05,0.5,0
07/03/2013,0.27,0.18,0.45,0
08/03/2013,0.52,0.38,-0.17,0
11/03/2013,0.3,-0.35,0.24,0
12/03/2013,-0.22,0.06,-0.16,0
13/03/2013,0.2,0.17,0.09,0
14/03/2013,0.58,0.37,0.41,0
15/03/2013,-0.19,0.03,0.39,0
18/03/2013,-0.5,0.13,-0.27,0
19/03/2013,-0.24,-0.02,0.01,0
20/03/2013,0.76,0.26,0,0
21/03/2013,-0.85,0.17,-0.28,0
22/03/2013,0.62,-0.45,-0.28,0
25/03/2013,-0.29,0.29,0.03,0
26/03/2013,0.76,-0.38,-0.21,0
27/03/2013,-0.02,0.15,-0.28,0
28/03/2013,0.39,-0.27,-0.26,0
01/04/2013,-0.57,-0.93,0.01,0
02/04/2013,0.33,-0.9,-0.28,0
03/04/2013,-1.16,-0.43,-0.13,0
04/04/2013,0.42,0.18,0.26,0
05/04/2013,-0.41,0.06,0.31,0
08/04/2013,0.7,0.14,0.26,0
09/04/2013,0.31,-0.41,0.19,0
10/04/2013,1.28,0.63,-0.08,0
11/04/2013,0.35,-0.21,-0.14,0
12/04/2013,-0.28,-0.12,-0.48,0
15/04/2013,-2.48,-1.47,-0.27,0
16/04/2013,1.47,0.18,0.08,0
17/04/2013,-1.46,-0.28,-0.52,0
18/04/2013,-0.71,0.18,-0.02,0
19/04/2013,0.97,0.06,0.1,0
22/04/2013,0.45,-0.17,-0.14,0
23/04/2013,1.11,0.46,0.63,0
24/04/2013,0.06,0.36,1.18,0
25/04/2013,0.49,0.21,-0.06,0
26/04/2013,-0.2,-0.35,-0.22,0
29/04/2013,0.67,0.12,-0.08,0
30/04/2013,0.29,0.36,-0.01,0
01/05/2013,-1.08,-1.42,-0.19,0
02/05/2013,1.04,0.59,0.12,0
03/05/2013,1.12,0.62,0.19,0
06/05/2013,0.23,0.24,0.82,0
07/05/2013,0.54,0.11,0.11,0
08/05/2013,0.44,-0.22,0.15,0
09/05/2013,-0.31,0.1,-0.27,0
10/05/2013,0.54,0.43,-0.18,0
13/05/2013,-0.02,-0.23,-0.05,0
14/05/2013,1.1,0.13,0.28,0
15/05/2013,0.51,-0.13,0.23,0
16/05/2013,-0.5,0.15,-0.27,0
17/05/2013,1.04,-0.01,0.35,0
20/05/2013,-0.06,0.37,0.49,0
21/05/2013,0.16,-0.11,-0.07,0
22/05/2013,-0.92,-0.72,-0.16,0
23/05/2013,-0.19,0.48,-0.07,0
24/05/2013,-0.06,0.16,0.07,0
28/05/2013,0.77,0.63,0.23,0
29/05/2013,-0.7,-0.36,0.57,0
30/05/2013,0.5,0.31,0.5,0
31/05/2013,-1.31,0.52,-0.27,0
03/06/2013,0.48,0.14,0.04,0
04/06/2013,-0.55,-0.3,-0.16,0
05/06/2013,-1.38,0.06,-0.23,0
06/06/2013,0.89,0.16,0.22,0
07/06/2013,1.3,-0.48,0.07,0
10/06/2013,0.07,0.66,0.2,0
11/06/2013,-1.04,0,-0.56,0
12/06/2013,-0.82,0.01,-0.06,0
13/06/2013,1.47,0.09,0.33,0
14/06/2013,-0.59,-0.23,-0.57,0
17/06/2013,0.74,-0.1,0.07,0
18/06/2013,0.8,0.37,-0.07,0
19/06/2013,-1.28,0.15,0.15,0
20/06/2013,-2.45,-0.02,0.38,0
21/06/2013,0.13,0.19,-0.07,0
24/06/2013,-1.19,0.09,-0.67,0
25/06/2013,0.96,-0.01,0.82,0
26/06/2013,0.92,-0.74,-0.15,0
27/06/2013,0.77,0.83,0.38,0
28/06/2013,-0.33,0.32,-0.11,0
01/07/2013,0.71,0.81,-0.09,0
02/07/2013,-0.1,0.01,0.07,0
03/07/2013,0.11,0.2,-0.23,0
05/07/2013,1.11,0.35,0.47,0
08/07/2013,0.53,-0.18,0.05,0
09/07/2013,0.74,0.04,0.29,0
10/07/2013,0.06,0.36,-0.37,0
11/07/2013,1.32,-0.11,-0.67,0
12/07/2013,0.33,-0.02,0.21,0
15/07/2013,0.2,0.5,0.33,0
16/07/2013,-0.41,0.03,0.09,0
17/07/2013,0.3,-0.04,0.2,0
18/07/2013,0.54,0.02,0.95,0
19/07/2013,0.09,-0.11,0.3,0
22/07/2013,0.22,0.09,0.31,0
23/07/2013,-0.15,0.06,0.27,0
24/07/2013,-0.39,-0.27,-0.27,0
25/07/2013,0.42,0.61,-0.41,0
26/07/2013,0.02,-0.63,-0.28,0
29/07/2013,-0.37,-0.31,-0.3,0
30/07/2013,0.12,0.19,-0.49,0
31/07/2013,0.09,0.14,0.14,0
01/08/2013,1.4,0.05,0.09,0
02/08/2013,0.2,-0.21,-0.32,0
05/08/2013,-0.07,0.5,-0.13,0
06/08/2013,-0.68,-0.32,-0.1,0
07/08/2013,-0.42,-0.34,-0.01,0
08/08/2013,0.47,0.01,0.02,0
09/08/2013,-0.29,0.13,-0.2,0
12/08/2013,-0.02,0.58,-0.22,0
13/08/2013,0.2,-0.3,-0.04,0
14/08/2013,-0.5,0.14,0.28,0
15/08/2013,-1.47,-0.37,0.29,0
16/08/2013,-0.26,0.04,0.13,0
19/08/2013,-0.62,-0.18,-0.74,0
20/08/2013,0.53,0.85,0.08,0
21/08/2013,-0.59,-0.02,-0.42,0
22/08/2013,0.93,0.51,0.06,0
23/08/2013,0.38,-0.22,-0.15,0
26/08/2013,-0.29,0.51,-0.49,0
27/08/2013,-1.75,-0.71,-0.35,0
28/08/2013,0.3,0.1,0.09,0
29/08/2013,0.34,0.79,-0.42,0
30/08/2013,-0.47,-1.13,-0.2,0
03/09/2013,0.46,0.03,0.16,0
04/09/2013,0.83,0,-0.15,0
05/09/2013,0.19,0.16,0.4,0
06/09/2013,0,0.04,0,0
09/09/2013,1.09,0.46,-0.22,0
10/09/2013,0.8,0.01,0.2,0
11/09/2013,0.28,-0.23,0.04,0
12/09/2013,-0.32,-0.22,-0.37,0
13/09/2013,0.29,0.25,-0.04,0
16/09/2013,0.49,-0.44,0.39,0
17/09/2013,0.54,0.47,-0.14,0
18/09/2013,1.1,-0.16,-0.47,0
19/09/2013,-0.13,0.17,-0.62,0
20/09/2013,-0.63,0.52,0.2,0
23/09/2013,-0.45,0.47,-0.43,0
24/09/2013,-0.13,0.52,0.03,0
25/09/2013,-0.23,0.03,0.59,0
26/09/2013,0.42,0.22,-0.74,0
27/09/2013,-0.39,-0.02,-0.01,0
30/09/2013,-0.49,0.5,0.05,0
01/10/2013,0.9,0.41,-0.1,0
02/10/2013,-0.1,-0.36,-0.05,0
03/10/2013,-0.88,-0.19,0.18,0
04/10/2013,0.74,-0.01,0.09,0
07/10/2013,-0.95,-0.27,0,0
08/10/2013,-1.35,-0.48,0.78,0
09/10/2013,-0.05,-0.44,0.61,0
10/10/2013,2.23,0.16,-0.03,0
11/10/2013,0.71,0.79,-0.01,0
14/10/2013,0.44,0.22,-0.1,0
15/10/2013,-0.73,-0.2,0.04,0
16/10/2013,1.37,-0.32,0.17,0
17/10/2013,0.7,0.18,-0.05,0
18/10/2013,0.73,0.28,0.11,0
21/10/2013,-0.02,-0.11,0.01,0
22/10/2013,0.5,-0.27,0.04,0
23/10/2013,-0.51,0.15,-0.3,0
24/10/2013,0.42,0.41,-0.32,0
25/10/2013,0.33,-0.33,0.06,0
28/10/2013,0.09,-0.07,0.04,0
29/10/2013,0.54,-0.14,-0.06,0
30/10/2013,-0.61,-0.78,0.5,0
31/10/2013,-0.34,-0.08,-0.45,0
01/11/2013,0.2,-0.68,0.23,0
04/11/2013,0.47,0.77,-0.05,0
05/11/2013,-0.23,0,-0.24,0
06/11/2013,0.27,-0.82,0.33,0
07/11/2013,-1.46,-0.35,0.16,0
08/11/2013,1.45,0.51,0.45,0
11/11/2013,0.12,0.01,-0.13,0
12/11/2013,-0.19,0.38,-0.7,0
13/11/2013,0.9,0.09,-0.11,0
14/11/2013,0.43,-0.57,0.3,0
15/11/2013,0.43,0.07,-0.29,0
18/11/2013,-0.5,-0.45,0.46,0
19/11/2013,-0.27,-0.33,0.25,0
20/11/2013,-0.33,0.25,0.03,0
21/11/2013,0.97,0.78,-0.03,0
22/11/2013,0.5,-0.08,0.1,0
25/11/2013,-0.11,0.14,0.16,0
26/11/2013,0.18,0.84,-0.43,0
27/11/2013,0.3,0.34,-0.04,0
29/11/2013,-0.02,0.29,-0.17,0
02/12/2013,-0.31,-0.97,0.16,0
03/12/2013,-0.34,-0.08,-0.09,0
04/12/2013,-0.07,-0.22,0.27,0
05/12/2013,-0.35,0.7,-0.65,0
06/12/2013,1.02,-0.29,0.19,0
09/12/2013,0.17,-0.43,0.02,0
10/12/2013,-0.34,-0.57,0.24,0
11/12/2013,-1.17,-0.36,0.05,0
12/12/2013,-0.23,0.36,0.24,0
13/12/2013,0.1,0.24,0,0
16/12/2013,0.67,0.59,-0.13,0
17/12/2013,-0.26,0.17,-0.13,0
18/12/2013,1.55,-0.49,0.06,0
19/12/2013,-0.1,-0.56,0.24,0
20/12/2013,0.69,1.29,-0.31,0
23/12/2013,0.62,0.48,0,0
24/12/2013,0.34,0.1,0.09,0
26/12/2013,0.44,-0.32,-0.31,0
27/12/2013,-0.05,-0.06,0.24,0
30/12/2013,0,0.03,-0.3,0
31/12/2013,0.44,-0.18,0.08,0
02/01/2014,-0.88,-0.28,0.16,0
03/01/2014,0.03,0.36,0.04,0
06/01/2014,-0.34,-0.58,0.28,0
07/01/2014,0.68,0.39,-0.39,0
08/01/2014,0.04,0.01,-0.11,0
09/01/2014,0.02,0.19,-0.41,0
10/01/2014,0.27,0.55,-0.82,0
13/01/2014,-1.32,-0.07,0.12,0
14/01/2014,1.15,0.17,-0.32,0
15/01/2014,0.53,0.21,0.2,0
16/01/2014,-0.07,0.31,-0.7,0
17/01/2014,-0.39,0.04,0.03,0
21/01/2014,0.3,0.46,-0.01,0
22/01/2014,0.15,0.27,0.21,0
23/01/2014,-0.86,0.16,-0.54,0
24/01/2014,-2.19,-0.38,0.17,0
27/01/2014,-0.65,-0.85,0.41,0
28/01/2014,0.73,0.17,0.05,0
29/01/2014,-1.07,-0.4,0.23,0
30/01/2014,1.22,0.3,-0.38,0
31/01/2014,-0.66,-0.07,-0.33,0
03/02/2014,-2.49,-0.87,0.27,0
04/02/2014,0.77,-0.04,-0.05,0
05/02/2014,-0.23,-0.61,0.21,0
06/02/2014,1.21,-0.5,0.25,0
07/02/2014,1.33,-0.17,-0.63,0
10/02/2014,0.16,0.13,-0.48,0
11/02/2014,1.09,-0.2,0.25,0
12/02/2014,0.11,0.25,-0.06,0
13/02/2014,0.72,0.73,-0.07,0
14/02/2014,0.42,-0.36,0.38,0
18/02/2014,0.27,0.98,-0.23,0
19/02/2014,-0.74,-0.27,-0.44,0
20/02/2014,0.7,0.55,-0.21,0
21/02/2014,-0.09,0.34,-0.05,0
24/02/2014,0.65,0.17,0.32,0
25/02/2014,-0.1,0.13,-0.59,0
26/02/2014,0.12,0.67,-0.1,0
27/02/2014,0.54,0.16,0.02,0
28/02/2014,0.15,-0.72,0.82,0
03/03/2014,-0.7,0.08,0.14,0
04/03/2014,1.67,1.11,-0.15,0
05/03/2014,0.01,-0.28,0.3,0
06/03/2014,0.16,-0.33,0.77,0
07/03/2014,0.04,-0.12,0.54,0
10/03/2014,-0.09,-0.11,0.07,0
11/03/2014,-0.62,-0.54,-0.2,0
12/03/2014,0.13,0.3,-0.18,0
13/03/2014,-1.21,-0.11,0.22,0
14/03/2014,-0.16,0.7,-0.07,0
17/03/2014,0.9,-0.36,0.02,0
18/03/2014,0.82,0.74,-0.39,0
19/03/2014,-0.59,-0.18,0.63,0
20/03/2014,0.52,-0.49,1,0
21/03/2014,-0.37,-0.28,0.88,0
24/03/2014,-0.64,-0.89,0.9,0
25/03/2014,0.3,-0.34,0.13,0
26/03/2014,-0.89,-1.17,0.25,0
27/03/2014,-0.19,-0.1,-0.33,0
28/03/2014,0.41,-0.44,0.54,0
31/03/2014,0.97,0.99,-0.18,0
01/04/2014,0.87,0.73,-0.39,0
02/04/2014,0.29,0.04,0.13,0
03/04/2014,-0.31,-0.9,0.8,0
04/04/2014,-1.47,-1.13,0.69,0
07/04/2014,-1.26,-0.29,-0.05,0
08/04/2014,0.5,0.3,-0.2,0
09/04/2014,1.21,0.33,-0.88,0
10/04/2014,-2.24,-0.7,0.79,0
11/04/2014,-1.07,-0.4,0.25,0
14/04/2014,0.7,-0.51,0.21,0
15/04/2014,0.59,-0.37,0.2,0
16/04/2014,1.13,0.03,-0.38,0
17/04/2014,0.23,0.34,0.21,0
21/04/2014,0.36,0.21,-0.43,0
22/04/2014,0.58,0.72,-0.35,0
23/04/2014,-0.31,-0.65,0.89,0
24/04/2014,0.08,-0.41,-0.19,0
25/04/2014,-1.05,-0.94,0.56,0
28/04/2014,0.11,-0.63,-0.58,0
29/04/2014,0.56,-0.23,-0.13,0
30/04/2014,0.35,0.24,-0.04,0
01/05/2014,0.04,-0.15,-0.18,0
02/05/2014,-0.07,0.2,0.43,0
05/05/2014,0.13,-0.28,-0.55,0
06/05/2014,-1.03,-0.53,0.12,0
07/05/2014,0.45,-0.85,1.12,0
08/05/2014,-0.26,-1.01,0.38,0
09/05/2014,0.25,0.7,-0.36,0
12/05/2014,1.2,1.39,-0.25,0
13/05/2014,-0.05,-1.06,0.22,0
14/05/2014,-0.6,-1.08,-0.46,0
15/05/2014,-0.9,0.35,-0.27,0
16/05/2014,0.36,0.27,-0.42,0
19/05/2014,0.5,0.61,0.06,0
20/05/2014,-0.78,-0.82,0.24,0
21/05/2014,0.81,-0.27,0.1,0
22/05/2014,0.36,0.63,-0.25,0
23/05/2014,0.49,0.61,-0.22,0
27/05/2014,0.69,0.68,-0.17,0
28/05/2014,-0.11,-0.31,0.22,0
29/05/2014,0.54,-0.2,-0.12,0
30/05/2014,0.06,-0.68,0.25,0
02/06/2014,0.06,-0.69,0.38,0
03/06/2014,-0.05,-0.26,0.19,0
04/06/2014,0.28,0.23,-0.08,0
05/06/2014,0.77,1.29,-0.19,0
06/06/2014,0.54,0.49,-0.01,0
09/06/2014,0.22,1.02,-0.32,0
10/06/2014,-0.03,-0.18,-0.04,0
11/06/2014,-0.34,-0.13,-0.25,0
12/06/2014,-0.68,0.11,0.17,0
13/06/2014,0.31,-0.06,-0.18,0
16/06/2014,0.13,0.47,-0.7,0
17/06/2014,0.34,0.54,0.47,0
18/06/2014,0.75,-0.27,-0.1,0
19/06/2014,0.12,-0.15,-0.02,0
20/06/2014,0.18,0.18,0.06,0
23/06/2014,-0.01,-0.26,0.11,0
24/06/2014,-0.72,-0.34,-0.24,0
25/06/2014,0.53,0.35,0.14,0
26/06/2014,-0.11,-0.08,0.03,0
27/06/2014,0.26,0.48,-0.22,0
30/06/2014,0.07,0.26,0.17,0
01/07/2014,0.74,0.49,-0.39,0
02/07/2014,-0.03,-0.46,-0.19,0
03/07/2014,0.59,0.21,0.1,0
07/07/2014,-0.62,-1.26,0.35,0
08/07/2014,-0.82,-0.67,0.72,0
09/07/2014,0.46,-0.39,-0.11,0
10/07/2014,-0.49,-0.58,-0.02,0
11/07/2014,0.12,-0.22,-0.37,0
14/07/2014,0.46,0.01,-0.16,0
15/07/2014,-0.32,-0.95,1.01,0
16/07/2014,0.32,-0.62,0.34,0
17/07/2014,-1.21,-0.4,0.2,0
18/07/2014,1.12,0.49,-0.48,0
21/07/2014,-0.25,-0.23,0.05,0
22/07/2014,0.53,0.25,-0.32,0
23/07/2014,0.19,0.13,-0.73,0
24/07/2014,0.05,-0.28,0.01,0
25/07/2014,-0.53,-0.36,0.15,0
28/07/2014,-0.08,-0.47,0.26,0
29/07/2014,-0.33,0.7,-0.65,0
30/07/2014,0.12,0.44,-0.32,0
31/07/2014,-2.03,-0.2,0.48,0
01/08/2014,-0.32,-0.2,-0.05,0
04/08/2014,0.74,0.02,-0.25,0
05/08/2014,-0.84,0.78,-0.17,0
06/08/2014,0.02,0.39,0.14,0
07/08/2014,-0.52,-0.04,-0.13,0
08/08/2014,1.13,-0.2,-0.18,0
11/08/2014,0.4,0.59,-0.29,0
12/08/2014,-0.23,-0.59,0.27,0
13/08/2014,0.69,-0.08,-0.26,0
14/08/2014,0.44,-0.24,0.03,0
15/08/2014,0,-0.15,-0.14,0
18/08/2014,0.93,0.6,-0.19,0
19/08/2014,0.49,-0.12,-0.1,0
20/08/2014,0.19,-0.64,0.28,0
21/08/2014,0.28,-0.14,0.81,0
22/08/2014,-0.1,0.3,-0.35,0
25/08/2014,0.5,-0.24,0.03,0
26/08/2014,0.19,0.7,-0.31,0
27/08/2014,0,-0.23,0.14,0
28/08/2014,-0.19,-0.42,0.1,0
29/08/2014,0.39,0.28,0.07,0
02/09/2014,0.06,0.47,-0.1,0
03/09/2014,-0.14,-0.55,0.25,0
04/09/2014,-0.17,-0.15,-0.14,0
05/09/2014,0.45,-0.26,-0.05,0
08/09/2014,-0.22,0.53,-0.45,0
09/09/2014,-0.72,-0.42,-0.01,0
10/09/2014,0.45,0.21,-0.4,0
11/09/2014,0.19,0.48,0.21,0
12/09/2014,-0.55,-0.23,0.15,0
15/09/2014,-0.28,-1.07,0.64,0
16/09/2014,0.7,-0.39,-0.13,0
17/09/2014,0.17,0.09,-0.21,0
18/09/2014,0.5,0.02,0,0
19/09/2014,-0.18,-0.96,0.04,0
22/09/2014,-0.97,-0.56,0.09,0
23/09/2014,-0.62,-0.31,-0.06,0
24/09/2014,0.81,0.09,-0.92,0
25/09/2014,-1.62,0.09,0.13,0
26/09/2014,0.85,-0.04,-0.25,0
29/09/2014,-0.22,0.17,-0.45,0
30/09/2014,-0.4,-1.01,0.13,0
01/10/2014,-1.39,-0.15,0.32,0
02/10/2014,0.15,1.01,-0.37,0
03/10/2014,1.08,-0.38,-0.43,0
06/10/2014,-0.26,-0.77,0.37,0
07/10/2014,-1.56,-0.13,0.15,0
08/10/2014,1.7,0.03,-0.06,0
09/10/2014,-2.17,-0.42,-0.38,0
10/10/2014,-1.3,-0.16,0.55,0
13/10/2014,-1.59,1.33,0.52,0
14/10/2014,0.28,0.85,-0.09,0
15/10/2014,-0.53,1.83,-1.38,0
16/10/2014,0.22,1.08,0.19,0
17/10/2014,1.14,-1.57,-0.09,0
20/10/2014,0.94,0.21,-0.34,0
21/10/2014,1.98,-0.42,0.04,0
22/10/2014,-0.85,-0.56,0.19,0
23/10/2014,1.29,0.52,-0.46,0
24/10/2014,0.66,-0.46,-0.12,0
27/10/2014,-0.17,0.11,-0.29,0
28/10/2014,1.37,1.58,-0.02,0
29/10/2014,-0.18,-0.03,0.41,0
30/10/2014,0.6,0.28,-0.5,0
31/10/2014,1.23,0.29,0.16,0
03/11/2014,-0.01,-0.27,-0.05,0
04/11/2014,-0.35,-0.01,-0.2,0
05/11/2014,0.48,-0.54,0.85,0
06/11/2014,0.49,0.09,-0.49,0
07/11/2014,0.09,0.01,0.47,0
10/11/2014,0.33,0.2,-0.49,0
11/11/2014,0.1,0.02,-0.29,0
12/11/2014,0.07,0.76,-0.28,0
13/11/2014,-0.03,-0.92,-0.28,0
14/11/2014,0.06,-0.15,0.15,0
17/11/2014,-0.05,-0.98,0.27,0
18/11/2014,0.51,0.05,-0.36,0
19/11/2014,-0.21,-0.94,0,0
20/11/2014,0.31,0.87,0.01,0
21/11/2014,0.48,-0.4,-0.07,0
24/11/2014,0.4,0.94,-0.53,0
25/11/2014,-0.09,0.05,-0.03,0
26/11/2014,0.3,0.1,-0.47,0
28/11/2014,-0.35,-0.91,-1.06,0
01/12/2014,-0.9,-0.96,0.58,0
02/12/2014,0.65,0.41,0.06,0
03/12/2014,0.46,0.45,0.31,0
04/12/2014,-0.17,-0.32,0.09,0
05/12/2014,0.25,0.58,0.23,0
08/12/2014,-0.82,-0.58,0.24,0
09/12/2014,0.13,1.71,-0.16,0
10/12/2014,-1.72,-0.62,-0.1,0
11/12/2014,0.5,-0.08,-0.17,0
12/12/2014,-1.55,0.49,-0.55,0
15/12/2014,-0.68,-0.26,0.1,0
16/12/2014,-0.8,0.62,0.57,0
17/12/2014,2.15,0.84,-0.09,0
18/12/2014,2.36,-0.88,-0.19,0
19/12/2014,0.43,-0.23,0.2,0
22/12/2014,0.37,0.2,-0.07,0
23/12/2014,0.21,-0.28,1.09,0
24/12/2014,0.07,0.36,-0.18,0
26/12/2014,0.39,0.37,-0.31,0
29/12/2014,0.13,0.16,0.57,0
30/12/2014,-0.48,0.05,0.34,0
31/12/2014,-0.93,0.5,-0.39,0
02/01/2015,-0.12,-0.6,0.09,0
05/01/2015,-1.84,0.33,-0.65,0
06/01/2015,-1.04,-0.79,-0.26,0
07/01/2015,1.19,0.17,-0.62,0
08/01/2015,1.81,-0.12,-0.29,0
09/01/2015,-0.85,0.01,-0.49,0
12/01/2015,-0.79,0.39,-0.41,0
13/01/2015,-0.19,0.29,0,0
14/01/2015,-0.6,0.3,-0.55,0
15/01/2015,-1.08,-0.97,0.62,0
16/01/2015,1.36,0.48,-0.17,0
20/01/2015,0.11,-0.67,-0.49,0
21/01/2015,0.42,-0.96,0.57,0
22/01/2015,1.58,0.45,0.42,0
23/01/2015,-0.47,0.51,-0.76,0
26/01/2015,0.43,0.57,-0.05,0
27/01/2015,-1.21,0.67,0.22,0
28/01/2015,-1.39,-0.07,-0.79,0
29/01/2015,0.98,0.24,0.01,0
30/01/2015,-1.3,-0.77,0.02,0
02/02/2015,1.25,-0.46,0.98,0
03/02/2015,1.49,0.17,0.47,0
04/02/2015,-0.35,-0.08,-0.21,0
05/02/2015,1.1,0.48,-0.1,0
06/02/2015,-0.2,0.06,0.38,0
09/02/2015,-0.46,-0.39,0.09,0
10/02/2015,1.05,-0.32,-0.68,0
11/02/2015,0.03,-0.1,-0.33,0
12/02/2015,1,0.16,-0.07,0
13/02/2015,0.47,0.19,-0.29,0
17/02/2015,0.17,-0.02,-0.06,0
18/02/2015,0.03,0.29,-0.81,0
19/02/2015,-0.01,0.28,-0.43,0
20/02/2015,0.61,-0.41,-0.27,0
23/02/2015,-0.08,0.04,-0.37,0
24/02/2015,0.32,-0.04,0.68,0
25/02/2015,0.02,0.22,-0.48,0
26/02/2015,-0.08,0.64,-0.51,0
27/02/2015,-0.36,-0.22,0.23,0
02/03/2015,0.62,0.24,-0.44,0
03/03/2015,-0.43,-0.3,0.3,0
04/03/2015,-0.41,0.09,-0.4,0
05/03/2015,0.15,0.24,-0.37,0
06/03/2015,-1.29,0.27,0.44,0
09/03/2015,0.37,0.08,-0.01,0
10/03/2015,-1.63,0.43,-0.48,0
11/03/2015,-0.04,0.56,0.49,0
12/03/2015,1.28,0.38,0.48,0
13/03/2015,-0.57,0.2,-0.03,0
16/03/2015,1.23,-0.78,-0.38,0
17/03/2015,-0.2,0.54,-0.03,0
18/03/2015,1.08,-0.52,-0.04,0
19/03/2015,-0.36,0.89,-1.12,0
20/03/2015,0.81,-0.15,0.56,0
23/03/2015,-0.19,0.21,0.23,0
24/03/2015,-0.51,0.58,-0.26,0
25/03/2015,-1.56,-0.99,1,0
26/03/2015,-0.22,0.11,-0.03,0
27/03/2015,0.32,0.5,-0.72,0
30/03/2015,1.24,0.01,-0.02,0
31/03/2015,-0.75,0.42,0.38,0
01/04/2015,-0.38,0.34,0.42,0
02/04/2015,0.35,-0.08,0.29,0
06/04/2015,0.61,-0.27,-0.12,0
07/04/2015,-0.22,-0.19,-0.18,0
08/04/2015,0.37,0.55,-0.71,0
09/04/2015,0.41,-0.7,-0.07,0
10/04/2015,0.49,-0.07,-0.29,0
13/04/2015,-0.38,0.5,0.24,0
14/04/2015,0.11,-0.2,0.21,0
15/04/2015,0.57,0.24,0.34,0
16/04/2015,-0.08,-0.08,-0.19,0
17/04/2015,-1.23,-0.46,0.2,0
20/04/2015,0.95,0.16,-0.29,0
21/04/2015,-0.1,0.19,-0.72,0
22/04/2015,0.46,-0.37,0.16,0
23/04/2015,0.29,0.28,-0.21,0
24/04/2015,0.17,-0.51,-0.29,0
27/04/2015,-0.54,-0.7,0.54,0
28/04/2015,0.27,0.2,1.03,0
29/04/2015,-0.38,-0.73,0.72,0
30/04/2015,-1.11,-1.06,0.75,0
01/05/2015,1.01,-0.31,-0.61,0
04/05/2015,0.32,0.04,0.24,0
05/05/2015,-1.19,-0.16,0.52,0
06/05/2015,-0.31,0.64,-0.13,0
07/05/2015,0.39,0.07,-0.37,0
08/05/2015,1.21,-0.56,-0.12,0
11/05/2015,-0.39,0.68,-0.02,0
12/05/2015,-0.27,-0.01,0.11,0
13/05/2015,0.01,0,0.02,0
14/05/2015,1.01,-0.1,-0.34,0
15/05/2015,0.05,-0.24,-0.2,0
18/05/2015,0.44,0.74,-0.08,0
19/05/2015,-0.09,-0.09,0.19,0
20/05/2015,-0.05,0.22,-0.14,0
21/05/2015,0.23,-0.29,0.01,0
22/05/2015,-0.22,-0.12,-0.1,0
26/05/2015,-1.01,-0.02,0,0
27/05/2015,0.93,0.32,-0.33,0
28/05/2015,-0.12,0.1,0.13,0
29/05/2015,-0.58,0.01,0.06,0
01/06/2015,0.17,-0.04,-0.22,0
02/06/2015,-0.02,0.32,0.35,0
03/06/2015,0.39,0.87,-0.23,0
04/06/2015,-0.88,-0.1,0,0
05/06/2015,0.06,0.81,0.09,0
08/06/2015,-0.66,0.05,0.03,0
09/06/2015,0.02,-0.31,0.35,0
10/06/2015,1.2,0.15,0.19,0
11/06/2015,0.21,-0.11,-0.09,0
12/06/2015,-0.64,0.32,0.13,0
15/06/2015,-0.45,0.11,-0.13,0
16/06/2015,0.57,0.1,-0.02,0
17/06/2015,0.16,-0.29,-0.63,0
18/06/2015,0.99,0.22,-0.45,0
19/06/2015,-0.43,0.56,-0.21,0
22/06/2015,0.63,0.09,-0.05,0
23/06/2015,0.12,0.23,0.27,0
24/06/2015,-0.79,-0.12,0.13,0
25/06/2015,-0.25,0.37,-0.21,0
26/06/2015,-0.06,-0.23,0.42,0
29/06/2015,-2.15,-0.43,0.19,0
30/06/2015,0.34,0.3,-0.65,0
01/07/2015,0.6,-0.77,-0.07,0
02/07/2015,-0.11,-0.57,-0.08,0
06/07/2015,-0.37,0.17,-0.56,0
07/07/2015,0.53,-0.44,-0.28,0
08/07/2015,-1.68,-0.03,0.09,0
09/07/2015,0.29,0.16,-0.04,0
10/07/2015,1.24,0.23,-0.54,0
13/07/2015,1.14,-0.07,-0.43,0
14/07/2015,0.47,0.15,0.13,0
15/07/2015,-0.19,-0.8,-0.07,0
16/07/2015,0.78,-0.16,-0.64,0
17/07/2015,0.05,-0.59,-0.67,0
20/07/2015,-0.01,-0.72,-0.59,0
21/07/2015,-0.47,0.02,0.3,0
22/07/2015,-0.18,0.19,0.21,0
23/07/2015,-0.6,-0.36,-0.33,0
24/07/2015,-1.08,-0.62,0.01,0
27/07/2015,-0.74,-0.25,0.07,0
28/07/2015,1.23,-0.34,-0.13,0
29/07/2015,0.74,-0.37,0.55,0
30/07/2015,0.12,0.17,-0.26,0
31/07/2015,-0.15,0.83,-1.01,0
03/08/2015,-0.35,-0.33,-0.19,0
04/08/2015,-0.14,0.09,-0.17,0
05/08/2015,0.36,0.01,-0.45,0
06/08/2015,-0.88,-0.54,1.98,0
07/08/2015,-0.36,-0.45,-0.35,0
10/08/2015,1.31,0.15,0.68,0
11/08/2015,-0.98,-0.08,0.39,0
12/08/2015,0.07,-0.09,-0.3,0
13/08/2015,-0.14,-0.44,0.04,0
14/08/2015,0.43,0.13,0.43,0
17/08/2015,0.6,0.44,-0.87,0
18/08/2015,-0.35,-0.64,0.36,0
19/08/2015,-0.85,-0.11,-0.23,0
20/08/2015,-2.24,-0.28,0.6,0
21/08/2015,-2.95,1.82,0.16,0
24/08/2015,-3.9,0.34,-0.4,0
25/08/2015,-1.17,0.7,-0.6,0
26/08/2015,3.68,-1.36,-0.36,0
27/08/2015,2.4,-0.69,0.59,0
28/08/2015,0.23,0.98,0.07,0
31/08/2015,-0.74,0.77,1.42,0
01/09/2015,-2.91,0.33,-0.48,0
02/09/2015,1.81,-0.16,-0.92,0
03/09/2015,0.17,-0.33,0.75,0
04/09/2015,-1.39,0.9,-0.56,0
08/09/2015,2.52,-0.36,-0.57,0
09/09/2015,-1.34,0.16,0.11,0
10/09/2015,0.49,-0.12,-0.32,0
11/09/2015,0.44,-0.2,-0.69,0
14/09/2015,-0.41,0.03,0.01,0
15/09/2015,1.22,-0.19,0.25,0
16/09/2015,0.84,0.02,0.44,0
17/09/2015,-0.17,0.9,-1.5,0
18/09/2015,-1.62,0.47,-0.95,0
21/09/2015,0.36,-0.95,1.21,0
22/09/2015,-1.29,-0.27,0.16,0
23/09/2015,-0.27,-0.16,-0.14,0
24/09/2015,-0.36,0.25,0.56,0
25/09/2015,-0.22,-1.67,1.85,0
28/09/2015,-2.63,-0.27,1.12,0
29/09/2015,-0.07,-0.72,0.7,0
30/09/2015,1.88,-0.43,-0.51,0
01/10/2015,0.13,-0.45,-0.05,0
02/10/2015,1.49,0.34,-0.83,0
05/10/2015,1.93,0.62,0.76,0
06/10/2015,-0.43,-0.24,1.72,0
07/10/2015,0.94,0.69,-0.21,0
08/10/2015,0.84,0.24,0.72,0
09/10/2015,0.12,0.21,-1.08,0
12/10/2015,0.06,-0.4,-0.09,0
13/10/2015,-0.74,-0.73,0.68,0
14/10/2015,-0.6,-0.26,-0.03,0
15/10/2015,1.56,0.65,-0.14,0
16/10/2015,0.36,-0.48,-0.35,0
19/10/2015,0,0.17,-0.67,0
20/10/2015,-0.15,0.01,1.19,0
21/10/2015,-0.74,-0.87,-0.21,0
22/10/2015,1.5,-0.78,0.37,0
23/10/2015,1.09,-0.02,-0.56,0
26/10/2015,-0.2,-0.34,-0.72,0
27/10/2015,-0.42,-0.87,-0.93,0
28/10/2015,1.43,1.39,0.68,0
29/10/2015,-0.2,-0.88,0.08,0
30/10/2015,-0.42,0.23,-0.56,0
02/11/2015,1.25,0.84,0,0
03/11/2015,0.32,0.45,0.22,0
04/11/2015,-0.26,0.34,-0.33,0
05/11/2015,-0.08,0.03,0.44,0
06/11/2015,0.14,0.8,0.32,0
09/11/2015,-0.95,-0.2,-0.06,0
10/11/2015,0.13,-0.01,0.25,0
11/11/2015,-0.43,-0.51,-0.19,0
12/11/2015,-1.45,-0.51,-0.45,0
13/11/2015,-1.07,0.31,0.37,0
16/11/2015,1.39,-0.58,0.47,0
17/11/2015,-0.11,-0.12,-0.64,0
18/11/2015,1.61,-0.01,-0.07,0
19/11/2015,-0.13,-0.25,-0.15,0
20/11/2015,0.35,0.44,-0.4,0
23/11/2015,-0.01,0.66,-0.34,0
24/11/2015,0.21,0.69,0.24,0
25/11/2015,0.09,0.87,-0.55,0
27/11/2015,0.09,0.22,-0.29,0
30/11/2015,-0.47,0.13,0.69,0
01/12/2015,0.97,-0.66,0.26,0
02/12/2015,-1.01,0.25,-0.69,0
03/12/2015,-1.5,-0.22,0.41,0
04/12/2015,1.87,-1.04,-0.49,0
07/12/2015,-0.84,-0.86,-0.67,0
08/12/2015,-0.59,0.49,-1.22,0
09/12/2015,-0.83,-0.33,0.4,0
10/12/2015,0.3,0.1,-0.23,0
11/12/2015,-2.03,-0.21,-0.04,0
14/12/2015,0.29,-1.04,-0.18,0
15/12/2015,1.1,0.03,0.82,0
16/12/2015,1.47,0.02,-0.65,0
17/12/2015,-1.46,0.38,-0.34,0
18/12/2015,-1.7,0.76,-0.38,0
21/12/2015,0.74,-0.18,-0.08,0
22/12/2015,0.89,-0.05,0.52,0
23/12/2015,1.3,0.13,0.57,0
24/12/2015,-0.11,0.3,-0.03,0
28/12/2015,-0.28,-0.48,-0.37,0
29/12/2015,1.05,0.09,-0.3,0
30/12/2015,-0.74,-0.17,-0.13,0
31/12/2015,-0.92,-0.24,0.24,0
04/01/2016,-1.59,-0.84,0.53,0
05/01/2016,0.12,-0.22,0.02,0
06/01/2016,-1.35,-0.12,-0.01,0
07/01/2016,-2.44,-0.28,0.08,0
08/01/2016,-1.11,-0.48,-0.03,0
11/01/2016,-0.06,-0.64,0.34,0
12/01/2016,0.72,-0.4,-0.8,0
13/01/2016,-2.67,-0.7,0.79,0
14/01/2016,1.65,-0.01,-0.39,0
15/01/2016,-2.14,0.42,-0.21,0
19/01/2016,-0.2,-1.34,-0.08,0
20/01/2016,-0.94,1.86,-1.24,0
21/01/2016,0.45,-0.5,0.01,0
22/01/2016,2.08,0.22,-0.21,0
25/01/2016,-1.71,-0.36,-0.97,0
26/01/2016,1.52,0.38,1.17,0
27/01/2016,-1.11,-0.55,1.68,0
28/01/2016,0.49,-0.48,1.22,0
29/01/2016,2.57,0.46,0.37,0
01/02/2016,-0.04,-0.2,-0.98,0.001
02/02/2016,-2,-0.02,-0.37,0.001
03/02/2016,0.46,-0.31,0.45,0.001
04/02/2016,0.27,0.2,0.33,0.001
05/02/2016,-2.06,-1.1,1.73,0.001
08/02/2016,-1.51,-0.03,0.92,0.001
09/02/2016,-0.09,-0.47,-0.31,0.001
10/02/2016,0.01,-0.05,-0.55,0.001
11/02/2016,-1.17,0.51,-1.49,0.001
12/02/2016,1.98,-0.55,1.08,0.001
16/02/2016,1.78,0.55,-0.53,0.001
17/02/2016,1.75,-0.06,-0.63,0.001
18/02/2016,-0.51,0.02,0.21,0.001
19/02/2016,0.06,0.43,-0.61,0.001
22/02/2016,1.43,-0.27,0.25,0.001
23/02/2016,-1.22,0.48,-0.54,0.001
24/02/2016,0.53,0.68,-0.3,0.001
25/02/2016,1.1,-0.42,0.21,0.001
26/02/2016,-0.01,0.8,0.31,0.001
29/02/2016,-0.69,0.66,0.23,0.001
01/03/2016,2.34,-0.64,0.33,0.001
02/03/2016,0.54,0.49,0.7,0.001
03/03/2016,0.51,0.44,0.65,0.001
04/03/2016,0.37,0.28,0.27,0.001
07/03/2016,0.21,1.21,0.52,0.001
08/03/2016,-1.27,-1.13,-0.5,0.001
09/03/2016,0.5,0.03,0.38,0.001
10/03/2016,-0.11,-0.82,0.63,0.001
11/03/2016,1.69,0.26,0.22,0.001
14/03/2016,-0.12,-0.06,-0.91,0.001
15/03/2016,-0.36,-1.43,0.65,0.001
16/03/2016,0.63,0.1,-0.07,0.001
17/03/2016,0.72,0.83,0.57,0.001
18/03/2016,0.54,0.33,-0.17,0.001
21/03/2016,0.1,-0.2,-0.31,0.001
22/03/2016,-0.05,-0.01,-0.45,0.001
23/03/2016,-0.86,-1.16,-0.12,0.001
24/03/2016,0,0.46,-0.06,0.001
28/03/2016,0.04,-0.03,0.15,0.001
29/03/2016,1.07,1.78,-1.19,0.001
30/03/2016,0.41,-0.29,0.18,0.001
31/03/2016,-0.11,0.45,-0.48,0.001
01/04/2016,0.64,-0.25,-0.62,0
04/04/2016,-0.41,-0.24,-0.76,0
05/04/2016,-0.94,-0.08,-0.36,0
06/04/2016,1.14,0.17,-0.79,0
07/04/2016,-1.23,-0.04,-0.37,0
08/04/2016,0.29,0.01,0.67,0
11/04/2016,-0.28,-0.11,0.94,0
12/04/2016,0.99,-0.07,0.87,0
13/04/2016,1.23,0.83,0.37,0
14/04/2016,0.03,-0.27,0.17,0
15/04/2016,-0.04,0.34,-0.33,0
18/04/2016,0.65,0.09,-0.19,0
19/04/2016,0.29,-0.36,1.47,0
20/04/2016,0.15,-0.11,0.56,0
21/04/2016,-0.47,0.11,-0.58,0
22/04/2016,0.12,0.81,0.54,0
25/04/2016,-0.24,-0.57,-0.19,0
26/04/2016,0.29,0.65,0.78,0
27/04/2016,0.21,0.09,0.67,0
28/04/2016,-0.96,-0.15,0.04,0
29/04/2016,-0.5,-0.14,0.39,0
02/05/2016,0.79,-0.01,-0.38,0.001
03/05/2016,-1.05,-0.65,-0.47,0.001
04/05/2016,-0.66,-0.15,0.04,0.001
05/05/2016,-0.08,-0.51,0.06,0.001
06/05/2016,0.38,0.05,0.26,0.001
09/05/2016,0.05,0.38,-1.48,0.001
10/05/2016,1.26,-0.41,0.5,0.001
11/05/2016,-0.89,-0.36,0.78,0.001
12/05/2016,-0.11,-0.6,0.13,0.001
13/05/2016,-0.82,0.38,-0.66,0.001
16/05/2016,0.99,0.28,-0.26,0.001
17/05/2016,-0.95,-0.78,0.62,0.001
18/05/2016,0.1,0.09,0.88,0.001
19/05/2016,-0.33,-0.32,-0.3,0.001
20/05/2016,0.75,0.9,-0.27,0.001
23/05/2016,-0.18,0.26,-0.34,0.001
24/05/2016,1.43,0.69,-0.33,0.001
25/05/2016,0.72,-0.22,0.57,0.001
26/05/2016,-0.04,-0.08,-0.52,0.001
27/05/2016,0.49,0.33,-0.2,0.001
31/05/2016,-0.01,0.5,-0.36,0.001
01/06/2016,0.2,0.65,-0.23,0.001
02/06/2016,0.35,0.31,-0.58,0.001
03/06/2016,-0.38,-0.14,-0.12,0.001
06/06/2016,0.6,0.67,0.34,0.001
07/06/2016,0.12,0.19,0.1,0.001
08/06/2016,0.37,0.44,-0.08,0.001
09/06/2016,-0.27,-0.39,-0.24,0.001
10/06/2016,-1.05,-0.34,-0.18,0.001
13/06/2016,-0.84,-0.36,0.1,0.001
14/06/2016,-0.19,0.27,-0.71,0.001
15/06/2016,-0.11,0.25,-0.04,0.001
16/06/2016,0.24,-0.34,-0.4,0.001
17/06/2016,-0.3,-0.1,0.92,0.001
20/06/2016,0.71,0.61,0,0.001
21/06/2016,0.21,-0.63,0.51,0.001
22/06/2016,-0.2,-0.32,0.1,0.001
23/06/2016,1.45,0.49,0.45,0.001
24/06/2016,-3.7,0.17,-1.18,0.001
27/06/2016,-2.07,-0.94,-0.71,0.001
28/06/2016,1.76,-0.4,0.18,0.001
29/06/2016,1.8,0.27,-0.07,0.001
30/06/2016,1.42,0.34,0.44,0.001
01/07/2016,0.24,0.54,-0.41,0.001
05/07/2016,-0.85,-0.61,-1.37,0.001
06/07/2016,0.62,0.17,-0.14,0.001
07/07/2016,0.02,0.34,-0.17,0.001
08/07/2016,1.6,0.89,0.33,0.001
11/07/2016,0.43,0.6,0.26,0.001
12/07/2016,0.75,0.61,0.99,0.001
13/07/2016,-0.05,-0.52,0.49,0.001
14/07/2016,0.51,-0.46,0.45,0.001
15/07/2016,-0.05,0.3,0,0.001
18/07/2016,0.25,-0.03,-0.12,0.001
19/07/2016,-0.22,-0.63,0.06,0.001
20/07/2016,0.48,0.45,-0.89,0.001
21/07/2016,-0.38,-0.05,-0.01,0.001
22/07/2016,0.48,0.25,-0.14,0.001
25/07/2016,-0.27,-0.03,-0.23,0.001
26/07/2016,0.13,0.57,0.53,0.001
27/07/2016,-0.14,0.58,-0.44,0.001
28/07/2016,0.18,-0.42,-0.34,0.001
29/07/2016,0.17,-0.02,0.03,0.001
01/08/2016,-0.16,0.18,-0.86,0.001
02/08/2016,-0.7,-0.58,0.17,0.001
03/08/2016,0.45,0.46,0.83,0.001
04/08/2016,0.05,0.09,-0.36,0.001
05/08/2016,0.93,0.42,0.89,0.001
08/08/2016,-0.06,0.01,0.54,0.001
09/08/2016,0.05,-0.02,-0.3,0.001
10/08/2016,-0.29,-0.44,-0.15,0.001
11/08/2016,0.54,0.15,0.03,0.001
12/08/2016,-0.06,0.08,-0.16,0.001
15/08/2016,0.39,0.73,0.4,0.001
16/08/2016,-0.57,-0.26,0.61,0.001
17/08/2016,0.12,-0.55,0.24,0.001
18/08/2016,0.32,0.46,0.35,0.001
19/08/2016,-0.11,0.12,-0.15,0.001
22/08/2016,-0.02,0.25,-0.41,0.001
23/08/2016,0.27,0.56,-0.02,0.001
24/08/2016,-0.56,-0.47,0.38,0.001
25/08/2016,-0.08,0.19,0.47,0.001
26/08/2016,-0.15,0.14,-0.1,0.001
29/08/2016,0.53,-0.07,0.34,0.001
30/08/2016,-0.14,0.1,0.31,0.001
31/08/2016,-0.24,-0.38,0.13,0.001
01/09/2016,0.03,0.12,-0.49,0.001
02/09/2016,0.53,0.39,0.36,0.001
06/09/2016,0.26,0.08,-0.52,0.001
07/09/2016,0.09,0.61,0.05,0.001
08/09/2016,-0.18,-0.03,0.58,0.001
09/09/2016,-2.47,-0.56,0.38,0.001
12/09/2016,1.44,0,-0.46,0.001
13/09/2016,-1.48,-0.25,-0.46,0.001
14/09/2016,-0.08,0.12,-0.8,0.001
15/09/2016,1.07,0.3,-0.33,0.001
16/09/2016,-0.36,0.34,-0.45,0.001
19/09/2016,0.05,0.4,0.16,0.001
20/09/2016,-0.02,-0.22,-0.44,0.001
21/09/2016,1.12,0.14,0.33,0.001
22/09/2016,0.7,0.85,-0.06,0.001
23/09/2016,-0.6,-0.1,-0.18,0.001
26/09/2016,-0.88,-0.21,-0.34,0.001
27/09/2016,0.64,-0.08,-0.51,0.001
28/09/2016,0.56,0.22,1.09,0.001
29/09/2016,-0.98,-0.41,0.54,0.001
30/09/2016,0.88,0.37,0.36,0.001
03/10/2016,-0.26,-0.03,-0.15,0.001
04/10/2016,-0.46,0.03,0.11,0.001
05/10/2016,0.58,0.27,0.79,0.001
06/10/2016,-0.06,-0.26,0.33,0.001
07/10/2016,-0.38,-0.51,0.19,0.001
10/10/2016,0.52,0.57,0,0.001
11/10/2016,-1.3,-0.6,0.47,0.001
12/10/2016,0.06,-0.23,0.36,0.001
13/10/2016,-0.42,-0.67,-0.64,0.001
14/10/2016,0.01,-0.37,0.55,0.001
17/10/2016,-0.29,-0.05,0.13,0.001
18/10/2016,0.6,-0.17,0.04,0.001
19/10/2016,0.25,0.04,0.91,0.001
20/10/2016,-0.16,-0.02,-0.13,0.001
21/10/2016,0.02,-0.14,-0.31,0.001
24/10/2016,0.54,0.05,-0.18,0.001
25/10/2016,-0.46,-0.59,0.23,0.001
26/10/2016,-0.23,-0.85,0.73,0.001
27/10/2016,-0.33,-0.95,0.57,0.001
28/10/2016,-0.29,-0.1,0.1,0.001
31/10/2016,0.02,0.02,0.11,0.001
01/11/2016,-0.68,-0.36,0.18,0.001
02/11/2016,-0.73,-0.66,0.36,0.001
03/11/2016,-0.4,-0.46,1,0.001
04/11/2016,-0.12,0.85,-0.47,0.001
07/11/2016,2.23,0.19,-0.17,0.001
08/11/2016,0.4,-0.08,-0.21,0.001
09/11/2016,1.46,1.82,1.01,0.001
10/11/2016,0.32,1.11,1.82,0.001
11/11/2016,0.18,2.5,-0.02,0.001
14/11/2016,0.21,0.57,1.41,0.001
15/11/2016,0.8,-0.55,0.12,0.001
16/11/2016,-0.12,0.3,-0.56,0.001
17/11/2016,0.56,0.13,-0.15,0.001
18/11/2016,-0.16,0.56,0.37,0.001
21/11/2016,0.77,-0.26,0.08,0.001
22/11/2016,0.31,0.55,0.55,0.001
23/11/2016,0.16,0.51,0.14,0.001
25/11/2016,0.4,-0.08,-0.26,0.001
28/11/2016,-0.64,-0.75,0.08,0.001
29/11/2016,0.11,-0.36,-0.05,0.001
30/11/2016,-0.25,-0.4,2.25,0.001
01/12/2016,-0.36,-0.67,2.03,0.001
02/12/2016,0,0.05,-0.32,0.001
05/12/2016,0.75,1.08,0.28,0.001
06/12/2016,0.48,0.63,0.22,0.001
07/12/2016,1.26,-0.62,0.52,0.001
08/12/2016,0.36,1.15,0.59,0.001
09/12/2016,0.46,-0.27,0.13,0.001
12/12/2016,-0.3,-0.93,-0.12,0.001
13/12/2016,0.6,-0.51,-0.29,0.001
14/12/2016,-0.82,-0.36,-0.28,0.001
15/12/2016,0.46,0.38,0.28,0.001
16/12/2016,-0.22,0.06,-0.43,0.001
19/12/2016,0.22,0.32,0.08,0.001
20/12/2016,0.44,0.42,0.64,0.001
21/12/2016,-0.24,-0.37,0.23,0.001
22/12/2016,-0.3,-0.75,0.26,0.001
23/12/2016,0.19,0.56,-0.5,0.001
27/12/2016,0.27,0.21,0.12,0.001
28/12/2016,-0.87,-0.27,0.09,0.001
29/12/2016,-0.04,0.14,-0.32,0.001
30/12/2016,-0.52,-0.11,0.22,0.001
03/01/2017,0.83,-0.12,0.09,0.002
04/01/2017,0.79,0.95,-0.15,0.002
05/01/2017,-0.21,-0.86,-0.79,0.002
06/01/2017,0.29,-0.63,-0.31,0.002
09/01/2017,-0.37,-0.27,-1.05,0.002
10/01/2017,0.16,0.97,0.55,0.002
11/01/2017,0.31,-0.31,0.52,0.002
12/01/2017,-0.3,-0.57,-0.86,0.002
13/01/2017,0.29,0.64,-0.1,0.002
17/01/2017,-0.49,-0.85,-0.59,0.002
18/01/2017,0.24,0.17,0.23,0.002
19/01/2017,-0.38,-0.5,0,0.002
20/01/2017,0.33,0.06,0.18,0.002
23/01/2017,-0.29,-0.04,-0.31,0.002
24/01/2017,0.83,0.69,0.8,0.002
25/01/2017,0.84,0.14,0.37,0.002
26/01/2017,-0.1,-0.62,0.39,0.002
27/01/2017,-0.12,0.01,-0.67,0.002
30/01/2017,-0.68,-0.72,-0.44,0.002
31/01/2017,0,0.9,-0.57,0.002
01/02/2017,0.04,-0.06,0.04,0.002
02/02/2017,-0.02,-0.26,-0.31,0.002
03/02/2017,0.82,0.54,0.65,0.002
06/02/2017,-0.27,-0.57,-0.19,0.002
07/02/2017,-0.01,-0.3,-0.5,0.002
08/02/2017,0.06,-0.23,-0.56,0.002
09/02/2017,0.72,0.71,0.02,0.002
10/02/2017,0.38,0.39,0.13,0.002
13/02/2017,0.49,-0.32,0.34,0.002
14/02/2017,0.45,-0.24,0.34,0.002
15/02/2017,0.54,0.18,-0.44,0.002
16/02/2017,-0.16,-0.22,-0.04,0.002
17/02/2017,0.2,0,-0.56,0.002
21/02/2017,0.6,-0.03,0.13,0.002
22/02/2017,-0.15,-0.38,0.1,0.002
23/02/2017,-0.11,-0.67,0.28,0.002
24/02/2017,0.15,0.05,-0.95,0.002
27/02/2017,0.22,0.81,-0.34,0.002
28/02/2017,-0.42,-1.37,0.17,0.002
01/03/2017,1.47,0.42,0.73,0.001
02/03/2017,-0.7,-0.52,-0.89,0.001
03/03/2017,0.09,-0.22,0.13,0.001
06/03/2017,-0.38,-0.36,-0.07,0.001
07/03/2017,-0.36,-0.3,-0.06,0.001
08/03/2017,-0.19,-0.11,-0.83,0.001
09/03/2017,0.04,-0.46,-0.26,0.001
10/03/2017,0.34,0.07,-0.49,0.001
13/03/2017,0.13,0.32,-0.04,0.001
14/03/2017,-0.36,-0.23,0,0.001
15/03/2017,0.86,0.74,-0.42,0.001
16/03/2017,-0.06,0.44,0.25,0.001
17/03/2017,-0.08,0.62,-0.27,0.001
20/03/2017,-0.25,-0.07,-0.73,0.001
21/03/2017,-1.48,-1.32,-0.68,0.001
22/03/2017,0.16,-0.3,-0.55,0.001
23/03/2017,-0.03,0.69,0.47,0.001
24/03/2017,-0.05,0.13,-0.23,0.001
27/03/2017,-0.05,0.56,-0.5,0.001
28/03/2017,0.72,-0.16,0.72,0.001
29/03/2017,0.18,0.39,-0.05,0.001
30/03/2017,0.36,0.32,0.93,0.001
31/03/2017,-0.16,0.58,-0.32,0.001
03/04/2017,-0.28,-1.09,-0.12,0.003
04/04/2017,0.05,-0.23,0.33,0.003
05/04/2017,-0.44,-0.79,-0.32,0.003
06/04/2017,0.32,0.68,0.48,0.003
07/04/2017,-0.08,0.13,-0.26,0.003
10/04/2017,0.08,0.11,0.08,0.003
11/04/2017,-0.05,0.8,0.21,0.003
12/04/2017,-0.49,-0.83,-0.53,0.003
13/04/2017,-0.75,-0.23,-0.78,0.003
17/04/2017,0.89,0.23,0.21,0.003
18/04/2017,-0.25,0.35,-0.17,0.003
19/04/2017,-0.08,0.59,-0.42,0.003
20/04/2017,0.83,0.51,0.27,0.003
21/04/2017,-0.28,0.11,-0.14,0.003
24/04/2017,1.18,0.17,0.49,0.003
25/04/2017,0.66,0.36,-0.04,0.003
26/04/2017,0.04,0.71,0.3,0.003
27/04/2017,0.05,-0.14,-0.95,0.003
28/04/2017,-0.3,-0.68,-0.59,0.003
01/05/2017,0.21,0.26,-0.12,0.003
02/05/2017,0.03,-0.46,-0.2,0.003
03/05/2017,-0.19,-0.54,0.2,0.003
04/05/2017,0.02,-0.07,-0.32,0.003
05/05/2017,0.46,0.06,0.04,0.003
08/05/2017,-0.04,-0.25,0.28,0.003
09/05/2017,-0.05,0.5,-0.8,0.003
10/05/2017,0.21,0.19,0.03,0.003
11/05/2017,-0.26,-0.36,-0.15,0.003
12/05/2017,-0.18,-0.29,-0.6,0.003
15/05/2017,0.53,0.26,0.2,0.003
16/05/2017,-0.03,0.15,-0.09,0.003
17/05/2017,-1.97,-0.87,-0.53,0.003
18/05/2017,0.4,0.04,-0.4,0.003
19/05/2017,0.7,-0.38,0.39,0.003
22/05/2017,0.56,0.28,-0.28,0.003
23/05/2017,0.18,-0.1,0.6,0.003
24/05/2017,0.24,-0.15,-0.48,0.003
25/05/2017,0.42,-0.28,-0.76,0.003
26/05/2017,0.06,-0.02,0.09,0.003
30/05/2017,-0.19,-0.5,-0.32,0.003
31/05/2017,-0.02,0.03,-0.57,0.003
01/06/2017,0.95,1,0.04,0.003
02/06/2017,0.35,0.54,-0.81,0.003
05/06/2017,-0.17,-0.46,-0.02,0.003
06/06/2017,-0.28,0.1,-0.04,0.003
07/06/2017,0.15,-0.18,-0.04,0.003
08/06/2017,0.18,1.14,0.93,0.003
09/06/2017,-0.12,0.02,2.42,0.003
12/06/2017,-0.11,-0.26,0.34,0.003
13/06/2017,0.55,0.09,-0.13,0.003
14/06/2017,-0.17,-0.48,-0.52,0.003
15/06/2017,-0.3,-0.24,-0.11,0.003
16/06/2017,-0.03,-0.21,-0.12,0.003
19/06/2017,0.86,0.1,-0.76,0.003
20/06/2017,-0.73,-0.39,-0.5,0.003
21/06/2017,-0.07,-0.05,-1.7,0.003
22/06/2017,0.02,0.52,-0.39,0.003
23/06/2017,0.24,0.83,-0.48,0.003
26/06/2017,0.04,-0.06,0.7,0.003
27/06/2017,-0.85,-0.4,1.33,0.003
28/06/2017,1.02,0.74,0.21,0.003
29/06/2017,-0.83,-0.11,1.37,0.003
30/06/2017,0.14,-0.09,-0.27,0.003
03/07/2017,0.24,0.35,1.2,0.004
05/07/2017,0.12,-0.69,-0.58,0.004
06/07/2017,-0.95,-0.51,0.12,0.004
07/07/2017,0.7,0.42,-0.41,0.004
10/07/2017,0.05,-0.44,-0.09,0.004
11/07/2017,0,0.38,-0.55,0.004
12/07/2017,0.72,0.12,-0.54,0.004
13/07/2017,0.17,-0.08,0.38,0.004
14/07/2017,0.42,-0.12,-0.52,0.004
17/07/2017,0,0.22,0.1,0.004
18/07/2017,0.04,-0.3,-0.32,0.004
19/07/2017,0.59,0.52,0.03,0.004
20/07/2017,-0.01,0.05,-0.03,0.004
21/07/2017,-0.08,-0.42,-0.23,0.004
24/07/2017,-0.03,0.11,-0.19,0.004
25/07/2017,0.38,0.35,0.95,0.004
26/07/2017,-0.06,-0.34,-0.72,0.004
27/07/2017,-0.14,-0.62,0.42,0.004
28/07/2017,-0.17,-0.04,0.25,0.004
31/07/2017,-0.11,-0.35,0.47,0.004
01/08/2017,0.24,-0.21,0.12,0.004
02/08/2017,-0.08,-1.16,0.12,0.004
03/08/2017,-0.21,-0.33,-0.32,0.004
04/08/2017,0.25,0.31,0.36,0.004
07/08/2017,0.16,-0.09,-0.59,0.004
08/08/2017,-0.24,-0.08,0.23,0.004
09/08/2017,-0.14,-0.76,-0.11,0.004
10/08/2017,-1.49,-0.3,0.24,0.004
11/08/2017,0.2,0.24,-0.88,0.004
14/08/2017,1.03,0.26,0.07,0.004
15/08/2017,-0.11,-0.85,-0.04,0.004
16/08/2017,0.18,-0.14,-0.44,0.004
17/08/2017,-1.59,-0.15,-0.15,0.004
18/08/2017,-0.15,0.14,0.21,0.004
21/08/2017,0.06,-0.25,-0.23,0.004
22/08/2017,1.07,-0.02,-0.24,0.004
23/08/2017,-0.32,0.1,0.41,0.004
24/08/2017,-0.14,0.6,0.19,0.004
25/08/2017,0.18,0.13,0.57,0.004
28/08/2017,0.08,0.35,-0.74,0.004
29/08/2017,0.1,0.14,-0.38,0.004
30/08/2017,0.53,0,-0.29,0.004
31/08/2017,0.62,0.49,-0.44,0.004
01/09/2017,0.27,0.41,0.4,0.005
05/09/2017,-0.81,0.11,-0.96,0.005
06/09/2017,0.28,-0.03,0.13,0.005
07/09/2017,-0.07,0.15,-0.91,0.005
08/09/2017,-0.16,0.03,0.37,0.005
11/09/2017,1.08,-0.12,0.65,0.005
12/09/2017,0.44,0.24,0.72,0.005
13/09/2017,0.11,0.31,0.35,0.005
14/09/2017,-0.12,-0.04,-0.08,0.005
15/09/2017,0.19,0.27,0.13,0.005
18/09/2017,0.24,0.38,0.2,0.005
19/09/2017,0.15,-0.3,0.38,0.005
20/09/2017,0.16,0.23,0.51,0.005
21/09/2017,-0.28,0.11,0.34,0.005
22/09/2017,0.12,0.43,0.13,0.005
25/09/2017,-0.25,0.32,0.6,0.005
26/09/2017,0.05,0.38,0.14,0.005
27/09/2017,0.63,1.37,0.19,0.005
28/09/2017,0.13,0.15,-0.03,0.005
29/09/2017,0.35,-0.13,-0.26,0.005
02/10/2017,0.5,0.84,0.13,0.004
03/10/2017,0.26,-0.04,-0.03,0.004
04/10/2017,0.05,-0.28,-0.43,0.004
05/10/2017,0.55,-0.33,0.36,0.004
06/10/2017,-0.08,-0.07,-0.25,0.004
09/10/2017,-0.22,-0.28,-0.02,0.004
10/10/2017,0.24,-0.01,0.41,0.004
11/10/2017,0.16,-0.19,-0.2,0.004
12/10/2017,-0.18,0.06,-0.53,0.004
13/10/2017,0.04,-0.23,0.15,0.004
16/10/2017,0.17,-0.28,0.33,0.004
17/10/2017,0.01,-0.32,-0.28,0.004
18/10/2017,0.14,0.29,0.22,0.004
19/10/2017,0.02,-0.39,0.16,0.004
20/10/2017,0.57,-0.08,0.29,0.004
23/10/2017,-0.45,-0.44,0.18,0.004
24/10/2017,0.2,-0.2,0.49,0.004
25/10/2017,-0.51,-0.01,0.12,0.004
26/10/2017,0.2,0.04,0.26,0.004
27/10/2017,0.82,-0.03,-1,0.004
30/10/2017,-0.46,-0.78,-0.04,0.004
31/10/2017,0.23,0.84,-0.25,0.004
01/11/2017,0.05,-0.76,0.1,0.004
02/11/2017,0.06,-0.04,0.49,0.004
03/11/2017,0.31,-0.42,-0.74,0.004
06/11/2017,0.06,0.22,0.2,0.004
07/11/2017,-0.2,-1.35,-0.39,0.004
08/11/2017,0.12,0.07,-0.58,0.004
09/11/2017,-0.41,-0.02,0.25,0.004
10/11/2017,0.01,0.06,-0.42,0.004
13/11/2017,0.09,-0.31,0.05,0.004
14/11/2017,-0.22,-0.13,0.01,0.004
15/11/2017,-0.52,-0.06,0.23,0.004
16/11/2017,1.01,0.85,-0.54,0.004
17/11/2017,-0.14,0.74,0.29,0.004
20/11/2017,0.21,0.56,0,0.004
21/11/2017,0.67,0.41,-0.36,0.004
22/11/2017,-0.05,0.11,-0.05,0.004
24/11/2017,0.21,0.02,-0.44,0.004
27/11/2017,-0.06,-0.37,0.02,0.004
28/11/2017,1.06,0.38,0.87,0.004
29/11/2017,0.02,0.02,1.45,0.004
30/11/2017,0.82,-0.56,-0.54,0.004
01/12/2017,-0.22,-0.37,0.39,0.004
04/12/2017,-0.1,-0.36,1.26,0.004
05/12/2017,-0.43,-0.44,-0.22,0.004
06/12/2017,-0.09,-0.47,-0.52,0.004
07/12/2017,0.42,0.25,-0.18,0.004
08/12/2017,0.51,-0.45,-0.12,0.004
11/12/2017,0.26,-0.41,-0.14,0.004
12/12/2017,0.07,-0.55,0.52,0.004
13/12/2017,0.02,0.72,-0.89,0.004
14/12/2017,-0.47,-0.69,-0.19,0.004
15/12/2017,0.92,0.68,0.04,0.004
18/12/2017,0.67,0.73,0.27,0.004
19/12/2017,-0.3,-0.36,-0.25,0.004
20/12/2017,0.01,0.35,0.07,0.004
21/12/2017,0.24,0.27,0.63,0.004
22/12/2017,-0.07,-0.22,-0.21,0.004
26/12/2017,-0.07,0.34,-0.06,0.004
27/12/2017,0.05,-0.13,-0.2,0.004
28/12/2017,0.22,0.12,0.03,0.004
29/12/2017,-0.57,-0.3,0.02,0.004
02/01/2018,0.85,0.35,-0.22,0.005
03/01/2018,0.59,-0.39,-0.22,0.005
04/01/2018,0.42,-0.26,0.24,0.005
05/01/2018,0.66,-0.35,-0.26,0.005
08/01/2018,0.19,-0.16,0.06,0.005
09/01/2018,0.15,-0.34,-0.04,0.005
10/01/2018,-0.07,0.06,0.61,0.005
11/01/2018,0.87,1.13,0.32,0.005
12/01/2018,0.66,-0.31,0.16,0.005
16/01/2018,-0.49,-1.03,0,0.005
17/01/2018,0.95,-0.04,-0.12,0.005
18/01/2018,-0.18,-0.5,-0.23,0.005
19/01/2018,0.57,0.94,-0.06,0.005
22/01/2018,0.77,-0.34,-0.14,0.005
23/01/2018,0.22,0.15,-0.36,0.005
24/01/2018,-0.13,-0.81,0.42,0.005
25/01/2018,0.07,0.18,-0.48,0.005
26/01/2018,1.11,-0.63,-0.52,0.005
29/01/2018,-0.62,-0.03,-0.26,0.005
30/01/2018,-1.06,0.14,-0.22,0.005
31/01/2018,-0.07,-0.75,0.09,0.005
01/02/2018,0.03,0.09,0.54,0.006
02/02/2018,-2.13,0.05,-0.28,0.006
05/02/2018,-4.03,0.77,-0.54,0.006
06/02/2018,1.67,-0.51,-0.21,0.006
07/02/2018,-0.37,0.51,0.22,0.006
08/02/2018,-3.68,0.83,0.5,0.006
09/02/2018,1.36,-0.61,0.13,0.006
12/02/2018,1.36,-0.45,-0.27,0.006
13/02/2018,0.31,0.06,-0.23,0.006
14/02/2018,1.52,0.26,0.48,0.006
15/02/2018,1.21,-0.13,-0.66,0.006
16/02/2018,0.03,0.35,0.15,0.006
20/02/2018,-0.62,-0.36,-0.23,0.006
21/02/2018,-0.43,0.77,0.21,0.006
22/02/2018,0.01,0.06,-0.42,0.006
23/02/2018,1.54,-0.36,-0.12,0.006
26/02/2018,1.12,-0.49,-0.07,0.006
27/02/2018,-1.25,-0.2,0.02,0.006
28/02/2018,-1.1,-0.4,-0.3,0.006
01/03/2018,-1.18,1.01,-0.01,0.006
02/03/2018,0.7,1.16,-0.46,0.006
05/03/2018,1.06,-0.38,0.23,0.006
06/03/2018,0.36,0.67,0.1,0.006
07/03/2018,0.05,0.8,-0.45,0.006
08/03/2018,0.37,-0.47,-0.35,0.006
09/03/2018,1.7,-0.26,0.26,0.006
12/03/2018,-0.09,0.46,-0.07,0.006
13/03/2018,-0.67,0.09,0,0.006
14/03/2018,-0.53,0.24,-0.55,0.006
15/03/2018,-0.18,-0.41,0.31,0.006
16/03/2018,0.25,0.47,0.18,0.006
19/03/2018,-1.38,0.34,0.42,0.006
20/03/2018,0.15,-0.06,-0.38,0.006
21/03/2018,-0.06,0.75,0.46,0.006
22/03/2018,-2.54,0.51,-0.48,0.006
23/03/2018,-2.09,0.22,-0.2,0.006
26/03/2018,2.67,-0.7,0.01,0.006
27/03/2018,-1.87,-0.23,0.36,0.006
28/03/2018,-0.35,0.12,0.65,0.006
29/03/2018,1.41,-0.29,-0.2,0.006
02/04/2018,-2.29,-0.14,0.38,0.007
03/04/2018,1.24,-0.05,0.18,0.007
04/04/2018,1.17,0.32,-0.3,0.007
05/04/2018,0.75,0.03,0.46,0.007
06/04/2018,-2.19,0.41,-0.04,0.007
09/04/2018,0.3,-0.16,-0.51,0.007
10/04/2018,1.77,0.39,-0.13,0.007
11/04/2018,-0.49,0.92,-0.31,0.007
12/04/2018,0.84,-0.23,0.18,0.007
13/04/2018,-0.37,0.03,-0.27,0.007
16/04/2018,0.82,0.07,-0.03,0.007
17/04/2018,1.09,0.17,-1.19,0.007
18/04/2018,0.13,0.24,0.04,0.007
19/04/2018,-0.49,-0.48,1.08,0.007
20/04/2018,-0.81,0.06,0.57,0.007
23/04/2018,-0.05,-0.08,0.19,0.007
24/04/2018,-1.3,0.52,1,0.007
25/04/2018,0.1,-0.35,0.04,0.007
26/04/2018,0.96,-0.38,-0.87,0.007
27/04/2018,0.01,-0.26,0.04,0.007
30/04/2018,-0.8,0.05,-0.08,0.007
01/05/2018,0.24,0.23,-0.56,0.006
02/05/2018,-0.63,1.29,-0.33,0.006
03/05/2018,-0.25,-0.5,-0.17,0.006
04/05/2018,1.3,0.02,-0.2,0.006
07/05/2018,0.42,0.42,-0.35,0.006
08/05/2018,0.07,0.48,0.27,0.006
09/05/2018,0.89,-0.2,0.27,0.006
10/05/2018,0.84,-0.44,-0.06,0.006
11/05/2018,0.19,0.11,-0.36,0.006
14/05/2018,0.05,-0.35,0.12,0.006
15/05/2018,-0.55,0.68,0.42,0.006
16/05/2018,0.49,0.7,-0.24,0.006
17/05/2018,0.02,0.9,0.26,0.006
18/05/2018,-0.23,0.58,-0.62,0.006
21/05/2018,0.72,-0.21,0.42,0.006
22/05/2018,-0.42,-0.76,0.61,0.006
23/05/2018,0.29,0.05,-0.7,0.006
24/05/2018,-0.16,0.36,-0.34,0.006
25/05/2018,-0.21,0.23,-0.4,0.006
29/05/2018,-1.03,1.34,-0.99,0.006
30/05/2018,1.31,0.05,0.37,0.006
31/05/2018,-0.7,0.07,-0.4,0.006
01/06/2018,1.06,-0.23,-0.1,0.006
04/06/2018,0.48,0.15,-0.44,0.006
05/06/2018,0.16,0.82,-0.41,0.006
06/06/2018,0.86,-0.35,0.2,0.006
07/06/2018,-0.14,-0.3,0.91,0.006
08/06/2018,0.31,0.09,-0.41,0.006
11/06/2018,0.12,0.17,-0.16,0.006
12/06/2018,0.23,0.24,-0.63,0.006
13/06/2018,-0.33,0.1,-0.18,0.006
14/06/2018,0.27,0.32,-0.99,0.006
15/06/2018,-0.08,0.04,-0.23,0.006
18/06/2018,-0.09,0.73,0.08,0.006
19/06/2018,-0.38,0.55,-0.15,0.006
20/06/2018,0.23,0.73,-0.51,0.006
21/06/2018,-0.73,-0.62,0.34,0.006
22/06/2018,0.11,0.02,0.45,0.006
25/06/2018,-1.48,-0.56,0.57,0.006
26/06/2018,0.27,0.63,-0.24,0.006
27/06/2018,-1.02,-0.98,0.35,0.006
28/06/2018,0.58,-0.17,-0.51,0.006
29/06/2018,0.07,-0.2,-0.24,0.006
02/07/2018,0.36,0.42,-0.26,0.008
03/07/2018,-0.44,0.8,0.02,0.008
05/07/2018,0.87,0.44,-0.46,0.008
06/07/2018,0.88,0.06,-0.32,0.008
09/07/2018,0.93,-0.41,0.83,0.008
10/07/2018,0.21,-0.79,-0.15,0.008
11/07/2018,-0.69,-0.02,-0.44,0.008
12/07/2018,0.86,-0.31,-1.11,0.008
13/07/2018,0.08,-0.12,-0.27,0.008
16/07/2018,-0.16,-0.79,0.97,0.008
17/07/2018,0.48,0.24,-0.76,0.008
18/07/2018,0.27,-0.28,0.66,0.008
19/07/2018,-0.34,0.98,-0.32,0.008
20/07/2018,-0.1,-0.18,0.11,0.008
23/07/2018,0.15,-0.29,0.51,0.008
24/07/2018,0.22,-1.35,0.4,0.008
25/07/2018,0.83,-0.43,-1.05,0.008
26/07/2018,-0.2,0.65,0.58,0.008
27/07/2018,-0.82,-1.36,1.11,0.008
30/07/2018,-0.7,-0.24,1.6,0.008
31/07/2018,0.51,0.82,-1.1,0.008
01/08/2018,-0.13,0.07,-0.18,0.007
02/08/2018,0.67,0.33,-0.69,0.007
03/08/2018,0.31,-1.07,0.53,0.007
06/08/2018,0.46,0.25,-0.34,0.007
07/08/2018,0.29,0,-0.17,0.007
08/08/2018,-0.04,-0.14,0.28,0.007
09/08/2018,-0.05,0.38,-0.41,0.007
10/08/2018,-0.6,0.41,-0.18,0.007
13/08/2018,-0.46,-0.15,-0.3,0.007
14/08/2018,0.69,0.29,0.25,0.007
15/08/2018,-0.91,-0.55,-0.12,0.007
16/08/2018,0.86,-0.12,0.34,0.007
17/08/2018,0.3,0.09,0.01,0.007
20/08/2018,0.25,0.13,0.13,0.007
21/08/2018,0.33,0.89,0.1,0.007
22/08/2018,0.05,0.37,-0.35,0.007
23/08/2018,-0.19,-0.06,-0.33,0.007
24/08/2018,0.62,-0.01,-0.59,0.007
27/08/2018,0.74,-0.67,-0.18,0.007
28/08/2018,-0.01,-0.13,-0.23,0.007
29/08/2018,0.56,-0.04,-0.58,0.007
30/08/2018,-0.41,0.28,-0.37,0.007
31/08/2018,0.08,0.49,-0.41,0.007
04/09/2018,-0.11,-0.37,-0.01,0.008
05/09/2018,-0.41,-0.18,0.69,0.008
06/09/2018,-0.44,-0.35,-0.24,0.008
07/09/2018,-0.18,0.1,-0.25,0.008
10/09/2018,0.23,0.1,-0.36,0.008
11/09/2018,0.37,-0.28,-0.23,0.008
12/09/2018,0.03,-0.04,-0.22,0.008
13/09/2018,0.45,-0.42,-0.44,0.008
14/09/2018,0.12,0.26,0.24,0.008
17/09/2018,-0.71,-0.45,0.87,0.008
18/09/2018,0.57,0.04,-0.48,0.008
19/09/2018,0.06,-0.66,1.26,0.008
20/09/2018,0.77,0.3,-0.24,0.008
21/09/2018,-0.13,-0.42,0.31,0.008
24/09/2018,-0.31,0.04,-0.9,0.008
25/09/2018,-0.05,0.28,-0.38,0.008
26/09/2018,-0.4,-0.38,-0.61,0.008
27/09/2018,0.27,-0.26,-0.54,0.008
28/09/2018,-0.03,0.42,-0.21,0.008
01/10/2018,0.16,-1.6,0.37,0.008
02/10/2018,-0.21,-0.99,0.61,0.008
03/10/2018,0.2,0.86,0.48,0.008
04/10/2018,-0.93,-1.07,1.59,0.008
05/10/2018,-0.64,-0.4,0.42,0.008
08/10/2018,-0.17,-0.4,1.24,0.008
09/10/2018,-0.18,-0.29,0.29,0.008
10/10/2018,-3.33,0.28,1.14,0.008
11/10/2018,-1.96,0.43,-0.92,0.008
12/10/2018,1.38,-0.88,-1.74,0.008
15/10/2018,-0.48,0.91,0.53,0.008
16/10/2018,2.24,0.66,-1.45,0.008
17/10/2018,-0.08,-0.68,0.26,0.008
18/10/2018,-1.54,-0.54,0.45,0.008
19/10/2018,-0.25,-1.31,0.76,0.008
22/10/2018,-0.38,0.46,-1.25,0.008
23/10/2018,-0.62,-0.13,-0.42,0.008
24/10/2018,-3.33,-0.94,0.84,0.008
25/10/2018,1.93,0.39,-0.61,0.008
26/10/2018,-1.65,0.55,0.37,0.008
29/10/2018,-0.77,-0.31,1.64,0.008
30/10/2018,1.66,0.4,0.04,0.008
31/10/2018,1.22,-0.66,-0.8,0.008
01/11/2018,1.29,1.33,-1.16,0.008
02/11/2018,-0.53,0.79,0.68,0.008
05/11/2018,0.4,-1.01,1.56,0.008
06/11/2018,0.58,-0.15,0.03,0.008
07/11/2018,2.11,-0.34,-1.03,0.008
08/11/2018,-0.28,-0.23,0.27,0.008
09/11/2018,-1.04,-0.86,0.43,0.008
12/11/2018,-2.06,0.01,0.89,0.008
13/11/2018,-0.13,-0.14,0.14,0.008
14/11/2018,-0.77,0.04,-0.3,0.008
15/11/2018,1.18,0.37,-0.49,0.008
16/11/2018,0.15,0.03,-0.08,0.008
19/11/2018,-1.88,-0.67,2.4,0.008
20/11/2018,-1.85,0.12,-0.56,0.008
21/11/2018,0.51,1,-0.34,0.008
23/11/2018,-0.55,0.79,-0.57,0.008
26/11/2018,1.62,-0.66,-0.23,0.008
27/11/2018,0.11,-1.07,0.28,0.008
28/11/2018,2.42,0.42,-1.17,0.008
29/11/2018,-0.22,-0.12,-0.15,0.008
30/11/2018,0.78,-0.32,-0.47,0.008
03/12/2018,1.13,-0.06,-0.78,0.01
04/12/2018,-3.45,-0.95,-0.15,0.01
06/12/2018,-0.16,0.11,-1.05,0.01
07/12/2018,-2.36,0.21,1.32,0.01
10/12/2018,0.1,-0.17,-1.69,0.01
11/12/2018,-0.08,-0.06,-0.39,0.01
12/12/2018,0.68,0.57,-0.22,0.01
13/12/2018,-0.26,-1.5,-0.18,0.01
14/12/2018,-1.89,-0.07,0.53,0.01
17/12/2018,-2.13,-0.3,1.05,0.01
18/12/2018,-0.03,-0.01,-0.59,0.01
19/12/2018,-1.58,-0.62,0.04,0.01
20/12/2018,-1.62,-0.29,0.93,0.01
21/12/2018,-2.17,-0.57,0.82,0.01
24/12/2018,-2.55,0.97,-0.44,0.01
26/12/2018,5.06,-0.06,-1.01,0.01
27/12/2018,0.78,-0.66,-0.15,0.01
28/12/2018,-0.03,0.76,0.24,0.01
31/12/2018,0.9,-0.1,-0.46,0.01
02/01/2019,0.23,0.57,1.1,0.01
03/01/2019,-2.45,0.4,1.26,0.01
04/01/2019,3.55,0.43,-0.72,0.01
07/01/2019,0.94,0.96,-0.78,0.01
08/01/2019,1.01,0.54,-0.64,0.01
09/01/2019,0.56,0.46,0.06,0.01
10/01/2019,0.42,0.03,-0.47,0.01
11/01/2019,-0.01,0.13,0.19,0.01
14/01/2019,-0.6,-0.6,0.94,0.01
15/01/2019,1.06,0,-0.86,0.01
16/01/2019,0.28,0.04,0.93,0.01
17/01/2019,0.75,0.11,-0.25,0.01
18/01/2019,1.29,-0.35,0.13,0.01
22/01/2019,-1.53,-0.41,0.35,0.01
23/01/2019,0.15,-0.4,-0.15,0.01
24/01/2019,0.23,0.43,-0.04,0.01
25/01/2019,0.9,0.47,-0.39,0.01
28/01/2019,-0.8,-0.17,0.65,0.01
29/01/2019,-0.19,0,0.19,0.01
30/01/2019,1.51,-0.11,-0.99,0.01
31/01/2019,0.92,0.13,-1.05,0.01
01/02/2019,0.14,-0.12,0.36,0.01
04/02/2019,0.72,0.48,-0.46,0.01
05/02/2019,0.43,-0.09,-0.59,0.01
06/02/2019,-0.22,-0.02,0.05,0.01
07/02/2019,-0.93,-0.14,0.4,0.01
08/02/2019,0.09,0.06,-0.72,0.01
11/02/2019,0.14,0.65,0.21,0.01
12/02/2019,1.36,0.01,-0.16,0.01
13/02/2019,0.28,0.08,0.07,0.01
14/02/2019,-0.21,0.52,-0.58,0.01
15/02/2019,1.13,0.25,0.48,0.01
19/02/2019,0.19,0.27,0.32,0.01
20/02/2019,0.19,0.25,0.53,0.01
21/02/2019,-0.37,-0.07,-0.22,0.01
22/02/2019,0.65,0.56,-1.45,0.01
25/02/2019,0.15,-0.23,-0.18,0.01
26/02/2019,-0.16,-0.64,-0.32,0.01
27/02/2019,0.09,0.21,-0.12,0.01
28/02/2019,-0.31,0.01,-0.22,0.01
01/03/2019,0.72,0.3,-0.44,0.009
04/03/2019,-0.52,-0.42,0.38,0.009
05/03/2019,-0.17,-0.32,-0.22,0.009
06/03/2019,-0.84,-1.28,0.08,0.009
07/03/2019,-0.82,-0.05,-0.3,0.009
08/03/2019,-0.22,0.04,-0.15,0.009
11/03/2019,1.49,0.35,-0.56,0.009
12/03/2019,0.25,-0.26,-0.11,0.009
13/03/2019,0.68,-0.32,0.09,0.009
14/03/2019,-0.1,-0.39,0.29,0.009
15/03/2019,0.48,-0.27,-0.28,0.009
18/03/2019,0.46,0.13,0.43,0.009
19/03/2019,-0.09,-0.38,-0.93,0.009
20/03/2019,-0.39,0.03,-1.05,0.009
21/03/2019,1.11,0.3,-1.25,0.009
22/03/2019,-2.17,-1.51,-0.03,0.009
25/03/2019,-0.05,0.66,-0.26,0.009
26/03/2019,0.76,0.18,0.45,0.009
27/03/2019,-0.5,0.1,0.5,0.009
28/03/2019,0.4,0.35,0,0.009
29/03/2019,0.66,-0.22,-0.92,0.009
01/04/2019,1.19,-0.31,0.94,0.01
02/04/2019,-0.05,-0.12,-0.44,0.01
03/04/2019,0.27,0.2,-0.4,0.01
04/04/2019,0.19,0.2,0.95,0.01
05/04/2019,0.52,0.53,-0.08,0.01
08/04/2019,0.08,-0.3,0.11,0.01
09/04/2019,-0.65,-0.57,-0.14,0.01
10/04/2019,0.48,0.95,-0.12,0.01
11/04/2019,0,-0.33,0.4,0.01
12/04/2019,0.65,-0.5,0.62,0.01
15/04/2019,-0.09,-0.23,-0.53,0.01
16/04/2019,0.13,0.12,0.7,0.01
17/04/2019,-0.32,-0.71,0.81,0.01
18/04/2019,0.11,-0.24,-0.49,0.01
22/04/2019,0.11,-0.44,-0.55,0.01
23/04/2019,0.97,0.71,-0.53,0.01
24/04/2019,-0.23,0.27,-0.08,0.01
25/04/2019,-0.14,-0.75,-0.17,0.01
26/04/2019,0.53,0.46,0,0.01
29/04/2019,0.18,0.1,0.64,0.01
30/04/2019,-0.04,-0.68,0.26,0.01
01/05/2019,-0.83,-0.11,-0.04,0.009
02/05/2019,-0.16,0.45,-0.29,0.009
03/05/2019,1.13,0.93,-0.27,0.009
06/05/2019,-0.39,0.59,-0.38,0.009
07/05/2019,-1.69,-0.28,0.5,0.009
08/05/2019,-0.22,-0.14,-0.29,0.009
09/05/2019,-0.28,0.07,0.19,0.009
10/05/2019,0.35,-0.37,0.1,0.009
13/05/2019,-2.67,-0.71,0.32,0.009
14/05/2019,0.93,0.41,-0.06,0.009
15/05/2019,0.59,0.05,-0.97,0.009
16/05/2019,0.91,-0.39,-0.28,0.009
17/05/2019,-0.73,-0.8,0.32,0.009
20/05/2019,-0.65,-0.21,0.75,0.009
21/05/2019,0.9,0.42,-0.35,0.009
22/05/2019,-0.4,-0.5,-0.59,0.009
23/05/2019,-1.37,-0.7,-0.25,0.009
24/05/2019,0.23,0.49,0.32,0.009
28/05/2019,-0.78,0.27,-0.62,0.009
29/05/2019,-0.71,-0.26,0.41,0.009
30/05/2019,0.14,-0.29,-0.8,0.009
31/05/2019,-1.37,-0.21,-0.08,0.009
03/06/2019,-0.4,0.35,1.68,0.009
04/06/2019,2.33,0.41,-0.07,0.009
05/06/2019,0.7,-1.01,-0.95,0.009
06/06/2019,0.55,-1.04,0.01,0.009
07/06/2019,1.04,0.02,-1.23,0.009
10/06/2019,0.53,-0.07,0.06,0.009
11/06/2019,-0.12,-0.25,0.55,0.009
12/06/2019,-0.2,0.4,-0.99,0.009
13/06/2019,0.52,0.67,-0.01,0.009
14/06/2019,-0.27,-0.76,0.33,0.009
17/06/2019,0.15,0.63,-1.14,0.009
18/06/2019,1.04,0.16,0.28,0.009
19/06/2019,0.32,0.12,-0.61,0.009
20/06/2019,0.89,-0.35,-0.23,0.009
21/06/2019,-0.21,-0.48,0,0.009
24/06/2019,-0.34,-0.89,0.08,0.009
25/06/2019,-0.98,0.35,0.72,0.009
26/06/2019,-0.06,-0.07,0.23,0.009
27/06/2019,0.6,1.41,-0.11,0.009
28/06/2019,0.68,0.64,0.61,0.009
01/07/2019,0.75,-0.54,-0.15,0.009
02/07/2019,0.14,-0.81,-0.78,0.009
03/07/2019,0.78,-0.06,-0.3,0.009
05/07/2019,-0.1,0.16,0.9,0.009
08/07/2019,-0.58,-0.44,0.05,0.009
09/07/2019,0.18,-0.16,-0.44,0.009
10/07/2019,0.4,-0.16,-0.39,0.009
11/07/2019,0.19,-0.8,0.05,0.009
12/07/2019,0.53,0.2,0.41,0.009
15/07/2019,-0.04,-0.38,-1,0.009
16/07/2019,-0.32,0.34,0.13,0.009
17/07/2019,-0.64,-0.15,-0.65,0.009
18/07/2019,0.35,-0.32,-0.01,0.009
19/07/2019,-0.56,0.15,0.86,0.009
22/07/2019,0.25,-0.43,-0.48,0.009
23/07/2019,0.65,-0.2,0.78,0.009
24/07/2019,0.66,0.76,0.81,0.009
25/07/2019,-0.63,-0.7,-0.19,0.009
26/07/2019,0.82,0.4,-0.2,0.009
29/07/2019,-0.32,-0.32,-0.43,0.009
30/07/2019,-0.17,1.32,0.83,0.009
31/07/2019,-1.09,0.13,0.55,0.009
01/08/2019,-1.04,-0.48,-1.87,0.007
02/08/2019,-0.87,-0.32,0.05,0.007
05/08/2019,-3.07,-0.03,0,0.007
06/08/2019,1.29,-0.42,-0.56,0.007
07/08/2019,0.07,0.08,-0.91,0.007
08/08/2019,1.97,0.09,-0.32,0.007
09/08/2019,-0.78,-0.38,-0.34,0.007
12/08/2019,-1.32,0.28,-0.27,0.007
13/08/2019,1.47,-0.16,-0.54,0.007
14/08/2019,-2.95,0.21,-0.52,0.007
15/08/2019,0.16,-0.62,-0.54,0.007
16/08/2019,1.55,0.54,0.61,0.007
19/08/2019,1.14,-0.01,0.26,0.007
20/08/2019,-0.75,0.29,-0.51,0.007
21/08/2019,0.85,0.04,-0.31,0.007
22/08/2019,-0.1,-0.55,0.51,0.007
23/08/2019,-2.66,-0.56,-0.18,0.007
26/08/2019,1.08,-0.02,-0.19,0.007
27/08/2019,-0.46,-0.88,-0.68,0.007
28/08/2019,0.68,0.48,0.61,0.007
29/08/2019,1.35,0.32,0.33,0.007
30/08/2019,0.03,-0.38,0.25,0.007
03/09/2019,-0.87,-0.96,0.1,0.009
04/09/2019,1.08,-0.23,0.43,0.009
05/09/2019,1.42,0.4,0.7,0.009
06/09/2019,-0.02,-0.37,0.06,0.009
09/09/2019,0.08,0.74,3.07,0.009
10/09/2019,0.17,1.03,1.19,0.009
11/09/2019,0.88,1.34,-0.05,0.009
12/09/2019,0.22,-0.29,-0.19,0.009
13/09/2019,-0.01,0,0.76,0.009
16/09/2019,-0.23,0.92,0.51,0.009
17/09/2019,0.17,-0.61,-1.22,0.009
18/09/2019,-0.05,-0.74,0.05,0.009
19/09/2019,-0.05,-0.43,-0.44,0.009
20/09/2019,-0.48,0.31,0.15,0.009
23/09/2019,-0.02,-0.18,0.5,0.009
24/09/2019,-1.01,-0.75,0.01,0.009
25/09/2019,0.69,0.37,0.52,0.009
26/09/2019,-0.41,-0.97,0.13,0.009
27/09/2019,-0.62,-0.36,0.91,0.009
30/09/2019,0.5,-0.15,-0.48,0.009
01/10/2019,-1.31,-0.47,-0.61,0.007
02/10/2019,-1.73,0.87,-0.36,0.007
03/10/2019,0.8,-0.21,-0.92,0.007
04/10/2019,1.39,-0.5,-0.09,0.007
07/10/2019,-0.41,0.16,-0.03,0.007
08/10/2019,-1.61,-0.14,-0.11,0.007
09/10/2019,0.92,-0.53,-0.11,0.007
10/10/2019,0.59,-0.4,0.27,0.007
11/10/2019,1.23,0.49,0.19,0.007
14/10/2019,-0.18,-0.33,-0.06,0.007
15/10/2019,1.03,0.26,-0.24,0.007
16/10/2019,-0.24,0.4,0.22,0.007
17/10/2019,0.37,0.81,-0.29,0.007
18/10/2019,-0.49,-0.37,0.89,0.007
21/10/2019,0.71,0.18,0.33,0.007
22/10/2019,-0.34,0.22,0.86,0.007
23/10/2019,0.26,-0.08,0.25,0.007
24/10/2019,0.26,-0.26,-0.91,0.007
25/10/2019,0.5,0.28,0.08,0.007
28/10/2019,0.62,0.26,-0.26,0.007
29/10/2019,-0.13,0.29,0.47,0.007
30/10/2019,0.27,-0.39,-1.16,0.007
31/10/2019,-0.38,-0.25,-0.42,0.007
01/11/2019,1.08,0.45,0.81,0.006
04/11/2019,0.4,0.05,1.39,0.006
05/11/2019,-0.03,0.24,0.51,0.006
06/11/2019,-0.05,-0.7,0.18,0.006
07/11/2019,0.38,-0.11,0.54,0.006
08/11/2019,0.31,0.09,-0.38,0.006
11/11/2019,-0.19,-0.02,-0.21,0.006
12/11/2019,0.16,-0.12,-0.12,0.006
13/11/2019,0.01,-0.23,-0.82,0.006
14/11/2019,0.07,-0.12,-0.25,0.006
15/11/2019,0.74,-0.21,-0.34,0.006
18/11/2019,0.02,-0.36,-0.51,0.006
19/11/2019,0.02,0.58,-0.95,0.006
20/11/2019,-0.33,-0.01,-0.42,0.006
21/11/2019,-0.14,-0.33,0.11,0.006
22/11/2019,0.24,0.06,0.24,0.006
25/11/2019,0.92,1.3,-0.39,0.006
26/11/2019,0.19,0.05,-0.83,0.006
27/11/2019,0.44,0.23,-0.05,0.006
29/11/2019,-0.42,-0.05,-0.32,0.006
02/12/2019,-0.87,-0.24,0.51,0.007
03/12/2019,-0.66,0.6,-0.82,0.007
04/12/2019,0.6,0.11,0.25,0.007
05/12/2019,0.13,-0.23,0.45,0.007
06/12/2019,0.91,0.25,0.41,0.007
09/12/2019,-0.33,0.36,0.14,0.007
10/12/2019,-0.08,0.29,-0.09,0.007
11/12/2019,0.28,-0.07,0.09,0.007
12/12/2019,0.9,-0.11,1.16,0.007
13/12/2019,-0.03,-0.3,-0.55,0.007
16/12/2019,0.74,0.07,-0.05,0.007
17/12/2019,0.1,0.42,0.7,0.007
18/12/2019,-0.05,0.18,0.1,0.007
19/12/2019,0.43,-0.01,-0.43,0.007
20/12/2019,0.48,-0.3,-0.3,0.007
23/12/2019,0.1,0.21,-0.3,0.007
24/12/2019,0.01,0.37,-0.02,0.007
26/12/2019,0.48,-0.53,-0.01,0.007
27/12/2019,-0.1,-0.52,-0.07,0.007
30/12/2019,-0.57,0.17,0.6,0.007
31/12/2019,0.28,-0.01,0.13,0.007
02/01/2020,0.86,-0.85,-0.38,0.006
03/01/2020,-0.67,0.37,0.02,0.006
06/01/2020,0.36,-0.06,-0.55,0.006
07/01/2020,-0.19,-0.01,-0.23,0.006
08/01/2020,0.47,-0.05,-0.64,0.006
09/01/2020,0.65,-0.63,-0.48,0.006
10/01/2020,-0.34,-0.16,-0.34,0.006
13/01/2020,0.73,-0.08,-0.13,0.006
14/01/2020,-0.06,0.38,-0.13,0.006
15/01/2020,0.16,0.46,-0.83,0.006
16/01/2020,0.88,0.5,-0.11,0.006
17/01/2020,0.28,-0.64,-0.1,0.006
21/01/2020,-0.32,-0.5,-0.61,0.006
22/01/2020,0.08,-0.27,-0.01,0.006
23/01/2020,0.08,-0.05,-0.15,0.006
24/01/2020,-0.97,-0.42,-0.33,0.006
27/01/2020,-1.56,0.36,-0.42,0.006
28/01/2020,1.02,-0.13,-0.43,0.006
29/01/2020,-0.1,-0.26,-0.96,0.006
30/01/2020,0.34,-0.69,0.64,0.006
31/01/2020,-1.74,-0.43,-0.33,0.006
03/02/2020,0.84,0.62,-0.7,0.006
04/02/2020,1.57,-0.01,-0.71,0.006
05/02/2020,0.97,0.29,1.51,0.006
06/02/2020,0.27,-0.45,-0.85,0.006
07/02/2020,-0.55,-0.79,-0.03,0.006
10/02/2020,0.73,-0.01,-0.91,0.006
11/02/2020,0.28,0.06,1.06,0.006
12/02/2020,0.66,0.17,-0.35,0.006
13/02/2020,-0.09,0.17,-0.03,0.006
14/02/2020,0.15,-0.39,-0.69,0.006
18/02/2020,-0.19,0.15,-0.68,0.006
19/02/2020,0.6,0.23,-0.04,0.006
20/02/2020,-0.35,0.46,0.68,0.006
21/02/2020,-1.12,-0.08,0.04,0.006
24/02/2020,-3.39,0.17,-0.01,0.006
25/02/2020,-3.09,-0.1,-0.71,0.006
26/02/2020,-0.52,-0.41,-1.21,0.006
27/02/2020,-4.22,0.75,0.11,0.006
28/02/2020,-0.78,0.28,-0.8,0.006
02/03/2020,4.31,-1.76,-0.4,0.006
03/03/2020,-2.79,0.78,-0.62,0.006
04/03/2020,4.03,-1.05,-1.1,0.006
05/03/2020,-3.38,0.19,-1.38,0.006
06/03/2020,-1.78,0.04,-1.39,0.006
09/03/2020,-7.79,-0.47,-4.72,0.006
10/03/2020,4.74,-2.46,0.79,0.006
11/03/2020,-5.05,-0.86,-0.83,0.006
12/03/2020,-9.63,-0.53,-1.23,0.006
13/03/2020,8.96,-2.68,3,0.006
16/03/2020,-12,-0.34,-0.91,0.006
17/03/2020,5.87,0.71,-0.99,0.006
18/03/2020,-5.56,-3.61,-4.73,0.006
19/03/2020,1.31,5.5,1.1,0.006
20/03/2020,-4.15,0.38,-0.91,0.006
23/03/2020,-2.55,2.17,-3.43,0.006
24/03/2020,9.34,-1.15,2.41,0.006
25/03/2020,1.18,-0.61,1.82,0.006
26/03/2020,6.02,-0.66,1.21,0.006
27/03/2020,-3.48,-0.8,-0.66,0.006
30/03/2020,3.16,-0.35,-2.17,0.006
31/03/2020,-1.44,1.81,-0.47,0.006
01/04/2020,-4.51,-1.58,-1.46,0
02/04/2020,2.1,-0.98,-0.29,0
03/04/2020,-1.64,-1.11,-1.16,0
06/04/2020,7.06,0.76,0.31,0
07/04/2020,-0.11,-0.52,2.18,0
08/04/2020,3.4,0.34,1.3,0
09/04/2020,1.59,1.95,3.19,0
13/04/2020,-0.92,-0.75,-2.42,0
14/04/2020,3.02,-0.13,-3.16,0
15/04/2020,-2.15,-1.2,-2.51,0
16/04/2020,0.62,-0.24,-3,0
17/04/2020,2.72,0.73,2.71,0
20/04/2020,-1.56,0.79,-0.93,0
21/04/2020,-3.08,0.96,0.08,0
22/04/2020,2.31,-0.7,-1.67,0
23/04/2020,0.13,1.17,0.56,0
24/04/2020,1.44,0.32,-0.09,0
27/04/2020,1.73,1.64,2.71,0
28/04/2020,-0.45,0.88,2.83,0
29/04/2020,2.92,1.87,2.03,0
30/04/2020,-1.18,-1.4,-1.69,0
01/05/2020,-2.91,-0.57,-1.03,0
04/05/2020,0.53,0.16,-1.38,0
05/05/2020,0.95,0.08,-1.97,0
06/05/2020,-0.52,0.57,-2.78,0
07/05/2020,1.33,-0.05,0.41,0
08/05/2020,1.9,1.42,2.48,0
11/05/2020,0.07,0.46,-3.72,0
12/05/2020,-2.06,-0.87,-1.32,0
13/05/2020,-1.89,-0.96,-2.17,0
14/05/2020,1.14,-1.49,0.93,0
15/05/2020,0.57,1.61,-1.21,0
18/05/2020,3.24,1.53,4.58,0
19/05/2020,-1.01,-0.56,-1.43,0
20/05/2020,1.8,1.09,1.28,0
21/05/2020,-0.7,0.65,0.44,0
22/05/2020,0.27,0.47,-0.86,0
26/05/2020,1.23,0.08,4.61,0
27/05/2020,1.54,0.63,3.64,0
28/05/2020,-0.41,-1.48,-2.4,0
29/05/2020,0.6,-0.28,-1.97,0
01/06/2020,0.52,-0.02,0.45,0
02/06/2020,0.81,-0.04,0.48,0
03/06/2020,1.41,0.11,2.66,0
04/06/2020,-0.34,-0.23,3,0
05/06/2020,2.5,0.75,2.68,0
08/06/2020,1.39,0.37,2.14,0
09/06/2020,-0.85,-0.31,-1.94,0
10/06/2020,-0.57,-0.84,-4.18,0
11/06/2020,-5.91,-0.86,-3.06,0
12/06/2020,1.29,0.38,1.9,0
15/06/2020,1.09,1.42,-0.4,0
16/06/2020,1.87,0.64,0.48,0
17/06/2020,-0.4,-0.92,-1.99,0
18/06/2020,0.19,0.11,-0.53,0
19/06/2020,-0.45,0.08,-0.65,0
22/06/2020,0.71,0.83,-1.41,0
23/06/2020,0.42,0.14,-0.55,0
24/06/2020,-2.61,-0.51,-1.33,0
25/06/2020,1.12,0.26,0.51,0
26/06/2020,-2.44,0.17,-1.4,0
29/06/2020,1.51,1.23,1.79,0
30/06/2020,1.58,0.07,-0.02,0
01/07/2020,0.41,-1.22,-2.54,0
02/07/2020,0.5,0,-0.1,0
06/07/2020,1.65,-0.59,0.34,0
07/07/2020,-1.03,-0.52,-1.52,0
08/07/2020,0.91,0.3,-0.47,0
09/07/2020,-0.53,-0.92,-2.59,0
10/07/2020,1.11,-0.12,3.04,0
13/07/2020,-1.2,-0.8,2.03,0
14/07/2020,1.35,0.36,-0.36,0
15/07/2020,1.14,2.4,1.31,0
16/07/2020,-0.37,-0.36,0.77,0
17/07/2020,0.3,0.18,-1.41,0
20/07/2020,1.01,-0.46,-2.37,0
21/07/2020,0.16,0.84,3.23,0
22/07/2020,0.49,-0.58,-0.33,0
23/07/2020,-1.2,0.71,1.95,0
24/07/2020,-0.75,-0.78,0.46,0
27/07/2020,0.88,0.77,-1.92,0
28/07/2020,-0.81,-0.71,0.98,0
29/07/2020,1.35,0.52,0.86,0
30/07/2020,-0.29,0.49,-1.83,0
31/07/2020,0.61,-1.55,-0.64,0
03/08/2020,0.97,1.23,-0.84,0
04/08/2020,0.37,0.45,0.05,0
05/08/2020,0.77,1.01,0.86,0
06/08/2020,0.54,-0.39,-0.83,0
07/08/2020,0.02,0.86,2.32,0
10/08/2020,0.24,0.83,1.65,0
11/08/2020,-0.83,-0.34,1.61,0
12/08/2020,1.4,-0.49,-1.28,0
13/08/2020,-0.01,0.22,-1.33,0
14/08/2020,-0.04,-0.09,1.02,0
17/08/2020,0.45,0.6,-1.98,0
18/08/2020,0.22,-1.04,-1.42,0
19/08/2020,-0.38,0.48,0.05,0
20/08/2020,0.31,-0.49,-1.52,0
21/08/2020,0.26,-1.07,-0.39,0
24/08/2020,0.92,-0.34,2.58,0
25/08/2020,0.36,0.15,-0.63,0
26/08/2020,1.01,-1.11,-1.74,0
27/08/2020,0.18,-0.36,0.99,0
28/08/2020,0.7,0.29,-0.21,0
31/08/2020,-0.05,-0.44,-1.76,0
