"","V1","V2","V3","V4","V5","V6","V7","V8","V9","V10","V11","V12","V13","V14","V15","V16","V17","V18","V19","V20","V21","V22","V23","V24","V25","V26","V27","V28","V29","V30","V31","V32","V33","V34","V35","V36","V37","V38","V39","V40","V41","V42","V43","V44","V45","V46","V47","V48","V49","V50","V51","V52","V53","V54","V55","V56","V57","V58","V59","V60","V61","V62","V63","V64","V65","V66","V67","V68","V69","V70","V71","V72","V73","V74","V75","V76","V77","V78","V79","V80","V81","V82","V83","V84","V85","V86","V87","V88","V89","V90","V91","V92","V93","V94","V95","V96","V97","V98","V99","V100","V101","V102","V103","V104","V105","V106"
"1",1,0,0.0576628243025205,0,0.047654095182038,0,0,0,0,0,0.0294405878483975,0,0,0,0,0,0,0,0,0.0322605889021934,0,0,0,0,0,0.0523896316680995,0,0,0,0,0,0,0,0,0,0,0,0,0,0.0312996823723578,0,0,0,0,0,0,0,0,0,0,0,0,0,0.0188459892155828,0,0,0,0,0,0,0,0,0,0,0,0,0,0,0,0,0,0.0363519516332789,0,0,0,0,0,0,0,0,0,0,0,0,0,0,0,0,0,0,0,0,0,0,0,0,0,0,0,0,0,0,0,0,0,0
"2",0,1,0,0,0,0,0,0,0,0.13723756521613,0,0,0.194183837972884,0,0,0,0,0,0,0,0,0,0,0,0,0,0,0,0,0,0,0,0,0,0,0,0,0,0,0,0,0,0.0358159708943497,0.0229827088901168,0,0,0,0,0,0,0,0,0,0,0,0,0,0,0,0,0,0,0,0,0,0,0,0,0,0,0,0,0,0,0,0,0,0,0,0,0,0,0,0,0,0,0,0,0,0,0,0,0,0,0,0,0,0,0,0,0,0,0,0,0,0
"3",0.0576631241418021,0,1,0,0.066957512358036,0.103094745819672,0.0193233617135385,0,0,0,0.214583240950855,0.0282187170997483,0,0.0281593264380915,0,0.0595570244974488,0.0341930961635748,0.0512104448157833,0.0226572816211047,0.0903503395749913,0,0,0.0177277315442148,0.0334853858531379,0,0,0.0342166994769328,0,0,0,0,0,0,0,0,0,0,0,0,0,0,0,0,0,0,0,0.0203846888603905,0,0,0,0,0,0.0125388885678883,0,0,0,0,0.00913903894138729,0,0,0,0,0,0,0,0,0,0,0,0,0,0.0402688912802142,0,0,0,0,0,0,0,0,0,0,0,0,0,0,0,0,0,0,0,0,0,0,0,0,0,0,0,0,0,0,0,0,0,0
"4",0,0,0,1,0,0,0.0105933761150235,0.0236692025458024,0.130894061568997,0,0,0,0,0.0338024080599055,0.0614329366310859,0,0,0.0148882826063392,0,0,0.0638045811645395,0,0,0.0645009402849766,0,0,0.0429881982029354,0,0,0.0281225653605614,0,0,0,0,0,0,0,0,0,0.0277404774009109,0,0,0,0,0,0.0413659711471984,0,0,0,0.0403632708649661,0.0265977125431258,0,0,0.064575739829101,0,0,0,0,0.0751752379235456,0,0,0,0,0,0.0097611770980239,0,0,0,0,0,0,0,0,0,0,0.0554675807328479,0,0.0984604303190766,0,0,0,0,0,0.0216615341329236,0,0,0,0,0,0,0,0.017600161919773,0,0,0,0,0,0,0,0,0,0,0,0,0,0
"5",0.0476541420062744,0,0.0669571583610282,0,1,0.0397144159801612,0.0324895104010547,0,0,0,0.0374627557888276,0.0378732992108413,0,0.0566694918023816,0.000791060615571972,0.0511701986046409,0.0444547491171403,0.0245054024915218,0.0764398728702735,0.0957411004471454,0,0.0309834032386027,0,0.0464520490241872,0,0,0.051468439870571,0.0295532530983435,0,0,0,0.0317967908469567,0,0,0,0,0.059325705769744,0,0,0,0,0,0,0,0,0.0273932886593775,0.0636847092347795,0.0886004660115569,0,0.0172587439735013,0,0,0.0521533753490963,0.0172957591511261,0,0,0,0.0375215770251621,0,0,0.000580396550058247,0,0.070330941218474,0,0,0.00170026079252565,0,0,0,0,0.001772432264623,0,0,0.0634442936603383,0,0,0,0,0,0,0,0,0,0,0,0,0.000659977439811989,0,0,0,0,0,0,0,0.00820157905906898,0,0,0,0,0,0,0,0,0,0,0
"6",0,0,0.103094620802807,0,0.0397140147195757,1,0.0568741004156639,0,0.0732697296837958,0,0.0667661762036643,0.144259361376771,0,0.0351595553079805,0.0108599008460834,0.044301939054522,0.0538389910182364,0.0112416990166523,0.0791726142735217,7.93531889994965e-05,0.039438630999071,0,0,0,0,0,0.000354207861572002,0.0922010213562296,0,0,0,0,0,0,0,0,0.0319987926394857,0,0,0,0,0,0,0,0,0.0382168927916785,0.00182341146843765,0,0,0,0,0,0,0,0,0,0,0,0,0,0.00650068140043304,0,0,0,0,0,0,0,0,0,0,0,0,0,0,0,0,0,0,0,0,0,0,0,0,0,0.113578549847121,0,0,0,0,0,0,0,0.00163463528873689,0,0.0295510282397989,0,0,0,0,0,0,0,0.016001326230051,0
"7",0,0,0.0193236362151253,0.0105935658690531,0.0324895524596409,0.0568741943835688,1,0.0157971561291091,0.0372851085781591,0,0.0106416645078617,0.0329039061776009,0,0.0762251580181625,0.00492517901032277,0.0541825826532083,0,0.0344881495745748,0.0257658849354379,0.0517976329151722,0,0,0,0,0,0,0.0798779115649133,0.0433132821790068,0,0,0,0.0470936899739146,0,0,0,0,0,0,0,0,0,0,0,0,0,0,0.0293324735664916,0,0,0,0,0,0.0114145373496222,0.0029416822315227,0,0,0,0.052852968886184,0,0,0.0593476505014879,0,0,0,0,0.0195302187860624,0,0,0,0,0,0,0,0,0,0,0,0,0,0,0,0,0,0,0,0,0.0288884398563613,0,0,0,0,0,0,0,0.0360572697574013,0,0,0,0,0,0,0,0,0,0,0
"8",0,0,0,0.023668882983515,0,0,0.0157966512809183,1,0.0567091152826197,0,0,0,0,0,0.0600647728201769,0,0,0,0,0,0,0,0,0,0,0.0446856033936371,0.00890591857143279,0,0,0,0,0,0,0,0,0,0,0,0,0,0,0,0,0,0,0,0.00393242705303898,0,0.121124945676586,0.0491421714006002,0,0,0.0138922899732859,0.0778795706225864,0,0,0,0.0900270620825356,0,0,0,0,0,0,0,0.012269114963895,0,0,0,0.0722941253354843,0.0563638024960316,0,0.111588210597885,0,0,0,0,0,0,0,0,0,0,0,0.0807592492895527,0,0,0.0202245750611204,0,0,0,0,0,0,0,0,0,0,0,0,0,0,0,0,0,0
"9",0,0,0,0.130893828643608,0,0.0732695366871095,0.0372852316044201,0.0567095980503732,1,0,0.00266035146211059,0,0,0.031232562768591,0.0682589932595341,0,0,0,0.048858437276514,0,0.147252086239864,0,0,0.0743126223891877,0,0,0.0222499690880931,0.0436100819706443,0,0,0,0,0,0,0,0,0,0,0,0,0,0,0,0,0,0.0622607116129234,0,0,0,0.00093613525955546,0,0,0,0,0,0,0,0,0,0,0.00933930646078714,0,0,0,0,0,0,0,0,0,0,0,0,0,0,0.0824690013341359,0,0.0981101824981371,0,0,0,0,0,0,0,0,0.0423778834177563,0,0,0,0,0,0,0,0,0,0.0352704249847498,0,0,0,0,0,0,0,0.0231976101674398,0
"10",0,0.137236659978169,0,0,0,0,0,0,0,1,0,0,0.191942595788827,0,0,0,0,0,0,0,0,0,0,0,0,0,0,0,0,0,0,0,0,0,0,0,0,0,0,0,0,0,0.00326384312792586,0,0,0,0,0,0,0,0,0,0,0,0,0,0,0,0,0,0,0,0,0,0,0,0,0,0,0,0,0,0,0,0,0,0,0,0,0,0,0,0,0,0,0.0206490261263832,0,0,0,0,0,0,0,0,0,0,0,0,0,0,0,0,0,0,0,0
"11",0.0294405294011015,0,0.214583293865371,0,0.03746288038984,0.066766210677785,0.0106416242751895,0,0.00266042370564927,0,1,0.00414189026623107,0,0.00320917832448796,0,0,0,0.0713657958474067,0.0250084449666484,0.0832525704771034,0.00211594759800647,0,0.0608029305255173,0.00682466107311836,0,0,0.0301810488528381,0,0,0,0,0,0,0,0,0,0,0,0,0,0,0,0,0,0,0.0111108920594229,0,0,0,0,0,0,0,0,0,0,0,0,0,0,0,0,0,0,0,0,0,0,0,0,0,0.0225636690024307,0,0,0,0,0,0,0,0,0,0,0,0,0,0,0,0,0,0,0,0,0,0,0,0,0,0,0,0,0,0,0,0,0,0
"12",0,0,0.0282186027006339,0,0.037873455492121,0.144259410934176,0.0329037335040452,0,0,0,0.00414180226942074,1,0,0.0338983141720497,0.0217909336678054,0.019650152043142,0.146108094978005,0,0,0,0,0,0,0,0,0,0.0322869590783035,0.0459913072290131,0,0,0,0.069560869113313,0,0,0,0,0,0,0,0,0,0,0,0,0,0,0.0258868678561741,0.0512546253149788,0,0,0,0,0.0762347958344961,0.0193790869773299,0,0,0,0,0,0,0.0270075186503405,0,0.0216336303428547,0,0,0,0,0,0,0,0,0,0,0,0,0,0,0,0,0,0,0,0,0,0,0,0.00227320380542263,0,0,0,0,0,0,0,0,0,0,0,0,0,0,0,0,0,0,0
"13",0,0.194184625919148,0,0,0,0,0,0,0,0.191943145408345,0,0,1,0,0,0,0,0,0,0,0,0,0,0,0,0,0,0,0,0,0,0,0,0,0,0,0,0,0,0,0,0.0207128883894799,0.0115005802823441,0.0876460191632285,0,0,0,0,0,0,0,0,0,0,0,0,0,0,0,0,0,0,0,0,0,0,0,0,0,0,0,0,0,0,0,0,0,0,0,0,0,0.0158996524751953,0,0,0,0.0589237179335468,0,0,0,0,0,0,0,0,0,0,0,0,0,0,0,0,0,0,0,0
"14",0,0,0.0281595538637067,0.0338022307942953,0.0566693105852198,0.0351594969431245,0.0762251993090339,0,0.0312325315646187,0,0.0032090517767789,0.0338983004418159,0,1,0.0126127264502011,0.0219133715218734,0,0.0475403787823836,0.0651934466011021,0.0414015254327078,0,0.0010799511747325,0,0,0,0,0.13725655317545,0.0704142877776318,0,0,0,0,0,0,0,0,0,0,0,0,0,0,0,0,0,0,0.0649840735755752,0.0320959609204105,0,0.00348993864212959,0,0,0,0,0,0,0,0,0,0,0.0627340296496865,0,0,0,0,0.0589845767949927,0,0.0363271812941702,0,0,0,0,0,0,0,0,0,0,0,0,0,0,0,0,0,0,0,0,0,0,0,0,0,0,0.0221517265248197,0,0,0,0,0,0,0,0,0,0,0
"15",0,0,0,0.061433479339427,0.000792253970545026,0.010860795370032,0.00492559925141022,0.0600651265783331,0.0682594372946529,0,0,0.0217910058611787,0,0.0126133327284496,1,0,0,0,0,0,0,0,0,0.0582216330370465,0,0.0395582085716984,0.0210936031862802,0.00837168756479348,0,0.00690814426892482,0,0,0,0,0,0,0.0462463719410354,0,0,0.0197252128809193,0,0,0,0,0,0,0.00614241333088031,0.0424001208244638,0,0.0793794145084234,0.122890590508986,0,0,0.0954303024063133,0,0,0,0.037043067211202,0.0318762590610064,0,0.012066610064312,0,0.00290076338772833,0,0,0.00555748952558817,0,0,0,0.0324766946577245,0.0416862867695825,0,0.0537761526272638,0,0,0.0613324974873225,0,0.0902098214551593,0,0,0,0,0,0.0496132868418655,0.0446831792204859,0,0,0,0,0,0,0,0,0,0,0,0,0,0,0,0,0,0,0,0,0
"16",0,0,0.0595568585480129,0,0.0511699741782685,0.0443019509769827,0.0541825720236648,0,0,0,0,0.0196500018513381,0,0.0219134433739301,0,1,0.0553040897841479,0,0,0.0110276308107001,0,0,0,0,0,0,0.000561399094439271,0.00641670715354812,0,0,0,0,0,0,0,0,0,0,0,0,0,0,0,0,0,0,0.0538440646666829,0.0157465038495363,0,0,0,0,0,0,0,0,0,0,0,0,0,0,0,0,0,0,0,0,0,0,0,0,0,0,0,0,0,0,0,0,0,0,0,0,0,0,0,0,0,0,0,0,0,0,0,0,0,0,0,0,0,0,0,0,0,0
"17",0,0,0.0341927900311538,0,0.0444543315530146,0.0538389741411055,0,0,0,0,0,0.146107781469439,0,0,0,0.0553038881942403,1,0,0,0,0,0,0,0,0,0,0,0,0,0,0,0.0249923784978045,0,0,0,0,0,0,0,0,0,0,0,0,0,0,0.0361454362756367,0,0,0,0,0,0.117511567257422,0.0438803847921708,0,0,0,0,0,0,0,0,0.0784213550659552,0,0,0,0,0,0,0,0,0,0,0,0,0,0,0,0,0,0,0,0,0,0,0,0,0,0,0,0,0,0,0,0,0,0,0,0,0,0,0,0,0,0,0
"18",0,0,0.0512105744177486,0.0148881564340141,0.0245054075285735,0.0112416145184418,0.0344881496560937,0,0,0,0.0713657721089056,0,0,0.0475403505707755,0,0,0,1,0,0.0398905181717059,0,0,0,0,0,0,0.0400297765779451,0.00680803715770204,0,0,0,0,0,0,0,0,0,0,0,0,0,0,0,0,0,0,0,0,0,0.00442629152446783,0,0,0,0.00586466558515211,0,0,0,0,0,0,0,0,0,0,0,0,0,0,0,0,0,0,0,0.0425180338807153,0,0,0,0,0,0,0,0,0,0,0,0,0.0122056413291341,0,0,0,0,0,0,0,0,0,0,0,0,0,0,0,0,0,0,0
"19",0,0,0.0226573367361109,0,0.0764396881441634,0.0791725009508779,0.0257657848103957,0,0.0488580123805669,0,0.0250083655126083,0,0,0.0651932621440444,0,0,0,0,1,0.0860525155376616,0.117774751374077,0,0,0.0349712877835374,0,0,0.0110819927902263,0.0459235477178848,0,0,0,0,0,0,0,0,0.00833174995944352,0,0,0,0,0,0,0,0,0,0,0.00225074050496163,0,0,0,0,0,0,0,0,0,0,0,0,0,0,0,0,0,0,0,0,0,0,0,0,0,0,0,0.0157941985300293,0,0,0,0,0,0,0,0,0,0,0.0458410341475555,0,0,0,0,0,0,0,0.00288463691836869,0,0.0818886350079189,0,0,0,0,0,0,0,0.0276110296798628,0
"20",0.032260612324167,0,0.0903503187314418,0,0.0957409144342752,7.9354340524349e-05,0.0517975268710938,0,0,0,0.0832524175105135,0,0,0.0414016459310317,0,0.0110276505881436,0,0.0398905250851396,0.0860526031378163,1,0,0.0235516068645693,0,0.0518992842680988,0,0,0.056253587012156,0,0,0,0,0,0,0,0,0,0,0,0,0,0,0,0,0,0,0,0.00813070046056892,0.0303493748765787,0,0,0,0,0.0123480789949791,0,0,0,0,0.00833852475094603,0,0,0,0,0,0,0,0.037197664494656,0,0,0,0,0,0,0,0.0147168073554978,0,0,0,0,0,0,0,0,0,0,0,0,0,0,0,0,0,0,0,0,0,0,0,0,0,0,0,0,0,0,0,0
"21",0,0,0,0.0638042408082253,0,0.0394386609000237,0,0,0.1472519847674,0,0.00211591399164375,0,0,0,0,0,0,0,0.117774778702818,0,1,0,0,0.120213320744235,0,0,0,0.0119663209244272,0,0,0,0,0,0,0,0,0,0,0,0,0,0,0,0,0,0.0786842817558015,0,0,0,0,0,0,0,0,0,0,0,0,0,0,0,0,0,0,0,0,0,0,0,0,0,0,0,0,0,0.0706557543276443,0,0.0189911597463615,0,0,0,0,0,0,0,0,0.0705177874489105,0,0,0,0,0,0,0,0,0,0.126037164210701,0,0,0,0,0,0,0,0.0889447867837819,0
"22",0,0,0,0,0.0309833651575698,0,0,0,0,0,0,0,0,0.00107995857937023,0,0,0,0,0,0.0235515939373954,0,1,0,0,0,0,0,0,0,0,0,0,0,0,0,0,0.0179624298531711,0,0,0,0,0,0,0,0,0,0.121662509283072,0.030274562232678,0,0,0,0,0,0,0,0,0,0,0,0,0.00982419636801795,0,0,0,0,0,0,0,0,0,0,0,0,0.0122451311968582,0,0,0,0,0,0,0,0,0,0,0,0,0,0,0,0,0,0,0,0,0,0,0,0,0,0,0,0,0,0,0,0
"23",0,0,0.0177277301519991,0,0,0,0,0,0,0,0.0608029244281229,0,0,0,0,0,0,0,0,0,0,0,1,0,0,0,0,0,0.115578674086891,0,0,0,0,0,0,0,0,0,0,0,0,0,0,0,0,0,0,0,0,0,0,0,0,0,0,0,0,0,0,0,0,0,0,0,0,0,0,0,0,0,0,0,0,0,0,0,0,0,0,0,0,0,0,0,0,0,0,0,0,0,0,0,0,0,0,0,0,0,0,0,0,0,0,0,0,0
"24",0,0,0.0334855323512095,0.0645012327783588,0.0464525821774255,0,0,0,0.0743125988513225,0,0.00682475466583005,0,0,0,0.0582216190860241,0,0,0,0.034971581166127,0.0518991756478167,0.120213387052827,0,0,1,0,0.0219367433735592,0.0307341434872948,0,0,0,0,0,0,0,0,0,0,0,0,0.0114093932318697,0,0,0,0,0,0,0,0,0,0.068237855328654,0,0,0,0.0476965647954592,0,0,0,0,0,0,0,0,0,0,0,0,0,0,0,0,0.047438896696658,0,0,0,0,0.0470518187739487,0,0.0395367262710288,0,0,0,0,0,0,0,0,0,0,0,0,0,0,0,0,0,0,0,0,0,0,0,0,0,0,0,0
"25",0,0,0,0,0,0,0,0,0,0,0,0,0,0,0,0,0,0,0,0,0,0,0,0,1,0.165233139843394,0,0,0,0,0,0,0,0,0,0,0,0,0,0.000794880292118624,0,0,0,0,0,0,0,0,0.0694472009824594,0,0,0,0,0,0,0,0,0,0,0,0,0,0,0,0,0,0,0,0,0,0,0.0189047662200065,0,0,0,0,0,0,0,0,0,0,0,0,0,0,0,0,0,0,0,0,0,0,0,0,0,0,0,0,0,0,0,0,0,0
"26",0.0523896091013875,0,0,0,0,0,0,0.0446855588971781,0,0,0,0,0,0,0.0395575384162934,0,0,0,0,0,0,0,0,0.0219361944661364,0.165233146084658,1,0,0,0,0.0916292065710655,0,0,0,0,0,0,0,0,0,0.0537895175415639,0,0,0,0,0,0,0,0,0.123572784258522,0,0,0,0.0225406811269605,0.0195421132877263,0,0,0,0.0659958578420832,0,0,0,0,0,0,0,0,0,0,0,0,0,0.0720382997118661,0,0,0,0,0,0,0,0,0,0,0,0,0.00284135150374696,0,0,0,0,0,0,0,0,0,0,0,0,0,0,0,0,0,0,0,0,0
"27",0,0,0.0342164306854635,0.0429886785149059,0.0514683744430787,0.000354760769860609,0.0798780222573383,0.00890668512112187,0.0222499135744468,0,0.0301808894994686,0.0322868945253322,0,0.13725668664202,0.0210931084485919,0.000561406429577737,0,0.0400298617587648,0.0110822563864998,0.0562536997864928,0,0,0,0.030734053877783,0,0,1,0.0300913684742204,0,0.00916196138127083,0,0.0281844217009635,0,0,0,0,0.0142532017855602,0,0,0.0157419382497605,0,0,0,0,0,0,0.0478512435549926,0.0294317980550328,0,0.0375986766749045,0,0,0.0501618014616586,0.0265437336477931,0,0,0,0.0452575594078204,0,0,0.0473124470604325,0,0,0,0,0.0145678755602957,0,0.025257955900541,0,0,0.00129052906049167,0,0,0,0,0,0,0,0,0,0,0,0,0,0,0,0,0,0,0,0,0.00805813988586597,0,0,0.0243448537154557,0,0,0,0,0,0,0,0,0,0,0
"28",0,0,0,0,0.0295533729387182,0.0922010662495759,0.0433133265897714,0,0.0436099293352442,0,0,0.0459914242542067,0,0.0704142582694267,0.00837152910237259,0.00641672630943366,0,0.00680802270392735,0.0459235400918523,0,0.0119662204442062,0,0,0,0,0,0.0300913933404733,1,0,0,0,0,0,0,0,0,0.0684705729080733,0,0,0,0,0,0,0,0,0,0,0.00835856127795967,0,0,0,0,0,0,0,0,0,0,0,0,0.0273545503533623,0,0,0,0,0,0,0,0,0,0,0,0,0,0,0.0106676797285406,0,0,0,0,0,0,0,0,0,0,0.0723207359796019,0,0,0,0,0,0,0,0,0,0,0,0,0,0,0,0,0,0,0
"29",0,0,0,0,0,0,0,0,0,0,0,0,0,0,0,0,0,0,0,0,0,0,0.115578674047389,0,0,0,0,0,1,0,0,0,0,0.11346740761849,0,0,0,0,0,0,0,0,0,0,0,0,0,0,0,0,0,0,0,0,0,0,0,0,0,0,0,0,0,0,0,0,0,0,0,0,0,0,0,0,0,0,0,0,0,0,0,0,0,0,0,0,0,0,0,0,0,0,0,0,0,0,0,0,0,0,0,0,0,0,0,0
"30",0,0,0,0.0281227086365266,0,0,0,0,0,0,0,0,0,0,0.00690805536812097,0,0,0,0,0,0,0,0,0,0,0.0916290991893053,0.00916214628254304,0,0,1,0,0,0,0,0,0,0,0,0,0.175098822438146,0,0,0,0,0,0,0,0,0,0.0160707521884502,0.0349052424042523,0,0.0168327106068855,0.058567186596614,0,0,0,0,0.080841327441063,0,0,0,0,0,0.0182923323872078,0,0,0,0,0,0,0.0640251164662867,0,0,0,0,0,0.0655576127893547,0,0,0,0,0,0.0211764015855961,0,0,0,0,0,0,0,0,0,0,0,0,0,0,0,0,0,0,0,0,0,0
"31",0,0,0,0,0,0,0,0,0,0,0,0,0,0,0,0,0,0,0,0,0,0,0,0,0,0,0,0,0,0,1,0,0,0.0508372615486746,0.0110910422304281,0,0,0,0,0,0,0,0,0,0,0,0,0,0,0,0,0,0,0,0,0,0,0,0,0,0,0,0,0,0,0,0,0,0,0,0,0,0,0,0,0,0,0,0,0,0,0,0,0,0,0,0,0,0,0,0,0,0,0,0,0,0,0,0,0,0,0,0,0,0,0
"32",0,0,0,0,0.0317967690760157,0,0.047093619264321,0,0,0,0,0.0695608738518651,0,0,0,0,0.0249923804711328,0,0,0,0,0,0,0,0,0,0.0281842886071969,0,0,0,0,1,0,0,0,0,0.0228805480892981,0,0,0,0,0,0,0,0,0,0.022038560384645,0.0418256771770376,0,0,0,0,0.00743203199437074,0,0,0,0,0,0,0,0.0494092390625225,0,0.0390659322220118,0,0,0.000914887478193715,0,0,0,0,0,0,0,0,0,0,0,0,0,0,0,0,0,0,0,0,0,0,0,0,0,0,0,0,0,0,0,0,0,0,0,0,0,0,0,0
"33",0,0,0,0,0,0,0,0,0,0,0,0,0,0,0,0,0,0,0,0,0,0,0,0,0,0,0,0,0,0,0,0,1,0,0,0.169468792986445,0,0,0.0913748423817,0,0,0,0,0,0,0,0,0,0,0,0,0,0,0,0,0.0860825863685765,0,0,0,0,0,0.140420435299249,0,0,0,0,0,0,0,0,0,0,0,0,0,0,0,0,0,0,0,0,0,0,0,0,0,0,0,0,0,0,0,0,0,0,0,0,0,0,0,0,0,0,0,0
"34",0,0,0,0,0,0,0,0,0,0,0,0,0,0,0,0,0,0,0,0,0,0,0,0,0,0,0,0,0.113467407618399,0,0.0508372615486754,0,0,1,0.0321179352949557,0,0,0,0,0,0,0,0,0,0,0,0,0,0,0,0,0,0,0,0,0,0,0,0,0,0,0,0,0,0,0,0,0,0,0,0,0,0,0,0,0,0,0,0,0,0,0,0,0,0,0,0,0,0,0,0,0,0,0,0,0,0,0,0,0,0,0,0,0,0,0
"35",0,0,0,0,0,0,0,0,0,0,0,0,0,0,0,0,0,0,0,0,0,0,0,0,0,0,0,0,0,0,0.0110910422304281,0,0,0.0321179352949556,1,0,0,0,0,0,0,0,0,0,0,0,0,0,0,0,0,0,0,0,0,0,0,0,0,0,0,0,0,0,0,0,0,0,0,0,0,0,0,0,0,0,0,0,0,0,0,0,0,0,0,0,0,0,0,0,0,0,0,0,0,0,0,0,0,0,0,0,0,0,0,0
"36",0,0,0,0,0,0,0,0,0,0,0,0,0,0,0,0,0,0,0,0,0,0,0,0,0,0,0,0,0,0,0,0,0.169464302335268,0,0,1,0,0,0.139388428211014,0,0,0,0,0,0,0,0,0,0,0,0,0,0,0,0,0.120846650894095,0,0,0,0,0,0.0905717698330814,0,0,0,0,0,0,0,0,0,0,0,0,0,0,0,0,0,0,0,0,0,0,0,0,0,0,0,0,0,0,0,0,0,0,0,0,0,0,0,0,0,0,0,0
"37",0,0,0,0,0.0593255708442103,0.0319985809782557,0,0,0,0,0,0,0,0,0.0462459863148154,0,0,0,0.00833173139419356,0,0,0.0179624306388137,0,0,0,0,0.0142528921220696,0.0684705364836103,0,0,0,0.0228805015514907,0,0,0,0,1,0,0,0,0,0,0,0,0,0.0303001853028628,0,0.09533603676455,0,0,0,0,0,0,0,0,0,0.0169817204229433,0,0,0,0,0,0,0,0,0,0,0,0,0.0603808027142574,0,0,0,0,0.113744195156304,0,0,0,0,0,0,0.0200806044409909,0,0,0,0,0,0,0,0,0,0,0,0,0,0,0,0,0,0,0,0,0,0,0
"38",0,0,0,0,0,0,0,0,0,0,0,0,0,0,0,0,0,0,0,0,0,0,0,0,0,0,0,0,0,0,0,0,0,0,0,0,0,1,0,0,0,0.0308752370708437,0,0,0,0,0,0,0,0,0,0,0,0,0,0,0,0,0,0,0,0,0,0,0,0,0,0,0,0,0,0,0,0,0,0,0,0,0,0,0,0,0,0,0,0,0,0,0,0,0,0,0,0,0,0,0,0,0,0,0,0,0,0,0,0
"39",0,0,0,0,0,0,0,0,0,0,0,0,0,0,0,0,0,0,0,0,0,0,0,0,0,0,0,0,0,0,0,0,0.0913713578129007,0,0,0.139387394516748,0,0,1,0,0,0,0,0,0,0,0,0,0,0,0,0,0,0,0,0.131080681232599,0,0,0,0,0,0.129516405637106,0,0,0,0,0,0,0,0,0,0,0,0,0,0,0,0,0,0,0,0,0,0,0,0,0,0,0,0,0,0,0,0,0,0,0,0,0,0,0,0,0,0,0,0
"40",0.0312992936695388,0,0,0.0277407731813247,0,0,0,0,0,0,0,0,0,0,0.0197249251217747,0,0,0,0,0,0,0,0,0.0114090573229101,0.000794920643489084,0.0537895196294787,0.0157412957162915,0,0,0.175098793880907,0,0,0,0,0,0,0,0,0,1,0,0,0,0,0,0,0,0,0,0,0.0689865190009299,0,0,0,0,0,0,0,0.108239542478367,0,0,0,0,0,0,0,0,0,0,0,0,0.0710264531840869,0,0,0,0,0,0.0332053623508906,0,0,0,0,0,0.0109992080052654,0,0,0,0,0,0,0,0,0,0,0,0,0,0,0,0,0,0,0,0,0,0
"41",0,0,0,0,0,0,0,0,0,0,0,0,0,0,0,0,0,0,0,0,0,0,0,0,0,0,0,0,0,0,0,0,0,0,0,0,0,0,0,0,1,0,0,0,0,0,0,0,0,0,0,0.207378589352904,0,0,0,0,0,0,0,0,0,0,0,0,0,0,0,0,0,0,0,0,0,0,0,0,0,0,0,0,0,0,0,0,0,0,0,0,0,0,0,0,0,0,0,0,0,0,0,0,0,0,0,0,0,0
"42",0,0,0,0,0,0,0,0,0,0,0,0,0.0207129085365645,0,0,0,0,0,0,0,0,0,0,0,0,0,0,0,0,0,0,0,0,0,0,0,0,0.030875237096591,0,0,0,1,0,0.0704177352533467,0,0,0,0,0,0,0,0,0,0,0,0,0,0,0,0,0,0,0,0,0,0,0,0,0,0,0,0,0,0,0,0,0,0,0,0,0,0.0516014033420423,0,0,0,0.0485291744607429,0,0,0,0,0,0,0,0,0,0,0,0,0,0,0,0,0,0,0,0
"43",0,0.0358159626439797,0,0,0,0,0,0,0,0.00326381303484042,0,0,0.0115004963630665,0,0,0,0,0,0,0,0,0,0,0,0,0,0,0,0,0,0,0,0,0,0,0,0,0,0,0,0,0,1,0,0,0,0,0,0,0,0,0,0,0,0,0,0,0,0,0,0,0,0,0,0,0,0,0,0,0,0,0,0,0,0,0,0,0,0,0,0,0,0,0,0,0,0,0,0,0,0,0,0,0,0,0,0,0,0,0,0,0,0,0,0,0
"44",0,0.0229828498895446,0,0,0,0,0,0,0,0,0,0,0.0876459225967796,0,0,0,0,0,0,0,0,0,0,0,0,0,0,0,0,0,0,0,0,0,0,0,0,0,0,0,0,0.070417735362369,0,1,0,0,0,0,0,0,0,0,0,0,0,0,0,0,0,0,0,0,0,0,0,0,0,0,0,0,0,0,0,0,0,0,0,0,0,0,0,0,0,0,0,0.0179000615353965,0,0,0,0,0,0,0,0,0,0,0,0,0,0,0,0,0,0,0,0
"45",0,0,0,0,0,0,0,0,0,0,0,0,0,0,0,0,0,0,0,0,0,0,0,0,0,0,0,0,0,0,0,0,0,0,0,0,0,0,0,0,0,0,0,0,1,0,0,0,0,0,0,0,0,0,0,0,0,0,0,0,0,0,0,0,0,0,0,0,0,0,0,0,0,0,0,0,0,0,0,0,0,0,0,0,0,0,0,0,0,0,0,0,0,0,0,0,0,0,0,0,0,0,0,0,0,0
"46",0,0,0,0.0413658868361346,0.0273933237173014,0.0382169541503608,0,0,0.0622607033481088,0,0.0111109101766995,0,0,0,0,0,0,0,0,0,0.078684255759488,0,0,0,0,0,0,0,0,0,0,0,0,0,0,0,0.0303001915607288,0,0,0,0,0,0,0,0,1,0,0,0,0,0,0,0,0,0,0,0,0,0,0,0.0133745205851683,0,0,0,0,0,0,0,0,0,0.00418967583683521,0,0,0,0,0.0610708037701559,0,0,0,0,0,0,0,0,0,0,0,0,0,0,0,0,0,0,0,0,0.0112098763434443,0,0,0,0,0,0,0,0.0110571032198112,0
"47",0,0,0.0203849123230412,0,0.0636850738199912,0.00182354581127331,0.0293323545818689,0.00393284605959125,0,0,0,0.025887160302718,0,0.0649841451825636,0.0061423198359041,0.0538440856718657,0.0361456427428091,0,0,0.00813082309771815,0,0.121662505849199,0,0,0,0,0.0478510385669472,0,0,0,0,0.0220386073244903,0,0,0,0,0,0,0,0,0,0,0,0,0,0,1,0.0526461906575433,0,0.0247865204350818,0,0,0.0326872695658705,0.0228935155029141,0,0,0,0.0176085487574988,0,0,0.0706708738464012,0,0,0,0,0.0214253372243965,0,0,0,0,0,0,0,0.0167836258166833,0,0,0,0,0,0,0,0,0.00161294113656975,0,0,0,0,0,0,0,0,0.0112389206376719,0,0,0.0107064474085047,0,0,0,0,0,0,0,0,0,0,0
"48",0,0,0,0,0.0886005470359374,0,0,0,0,0,0,0.0512546743394436,0,0.0320959373078729,0.0423997243060839,0.015746467333464,0,0,0.00225069792806226,0.0303493721669375,0,0.030274567772552,0,0,0,0,0.0294317665594409,0.00835854408063604,0,0,0,0.041825683540623,0,0,0,0,0.0953360239053674,0,0,0,0,0,0,0,0,0,0.0526462551376617,1,0,0.00288197933880524,0,0,0,0,0,0,0,0,0,0,0.15122742509474,0,0,0,0,0,0,0,0,0,0.0673996705230108,0,0,0,0,0.0274870294181665,0,0,0,0,0,0,0,0,0,0,0,0,0,0,0,0,0,0,0,0,0,0,0,0,0,0,0,0,0,0
"49",0,0,0,0,0,0,0,0.12112488023021,0,0,0,0,0,0,0,0,0,0,0,0,0,0,0,0,0.0694472107527347,0.123572768111032,0,0,0,0,0,0,0,0,0,0,0,0,0,0,0,0,0,0,0,0,0,0,1,0,0,0,0,0,0,0,0,0.0773165772187731,0,0,0,0,0,0,0,0,0,0,0,0,0,0,0.0708038717209481,0,0,0,0,0,0,0,0,0,0,0,0.0163733978818434,0,0,0.0013007996182884,0,0,0,0,0,0,0,0,0,0,0,0,0,0,0,0,0,0
"50",0,0,0,0.0403632480585848,0.0172580403502682,0,0,0.0491421755579783,0.000936384339792553,0,0,0,0,0.00349031895009485,0.079379150750752,0,0,0.00442655072709867,0,0,0,0,0,0.068237703853235,0,0,0.0375981323214404,0,0,0.0160708011760521,0,0,0,0,0,0,0,0,0,0,0,0,0,0,0,0,0.0247864363912333,0.00288241817824718,0,1,0.0634044926512405,0,0,0.0805252571728658,0,0,0,0.000269721065780655,0.0229006618806953,0,0,0,0,0,0.14362350046114,0,0,0,0,0,0.0121595444521948,0,0.0112613767580241,0,0,0.00979797076120709,0,0.0425163613083917,0,0,0,0,0,0.0134897305377623,0.0388976544329495,0,0,0,0,0,0,0,0,0,0,0,0,0,0,0,0,0,0,0,0,0
"51",0,0,0,0.0265969974289711,0,0,0,0,0,0,0,0,0,0,0.122890015930039,0,0,0,0,0,0,0,0,0,0,0,0,0,0,0.0349050466502633,0,0,0,0,0,0,0,0,0,0.068986331092157,0,0,0,0,0,0,0,0,0,0.063404212590445,1,0,0,0.0153737365756361,0,0,0,0.0404334584991057,0.110687758355061,0,0,0,0,0,0.10877736806096,0,0,0,0,0.0513784593445141,0.00887870103216238,0,0.0385703655437083,0,0,0.0192932811458377,0,0.0599654322594502,0,0,0,0,0,0.0869401763642812,0.0779895823289223,0,0,0,0,0,0,0,0,0,0,0,0,0,0,0,0,0,0,0,0,0
"52",0,0,0,0,0,0,0,0,0,0,0,0,0,0,0,0,0,0,0,0,0,0,0,0,0,0,0,0,0,0,0,0,0,0,0,0,0,0,0,0,0.207378589352904,0,0,0,0,0,0,0,0,0,0,1,0,0,0,0,0,0,0,0,0,0,0,0,0,0,0,0,0,0,0,0,0,0,0,0,0,0,0,0,0,0,0,0,0,0,0,0,0,0,0,0,0,0,0,0,0,0,0,0,0,0,0,0,0,0
"53",0,0,0.0125390887668207,0,0.0521537595466823,0,0.0114145619837239,0.0138925160138842,0,0,0,0.0762352392790791,0,0,0,0,0.117511854644875,0,0,0.0123482122909358,0,0,0,0,0,0.0225404985260373,0.0501618786588054,0,0,0.0168326236834229,0,0.00743209698369408,0,0,0,0,0,0,0,0,0,0,0,0,0,0,0.0326874082531621,0,0,0,0,0,1,0.12098680378342,0,0,0,0.00854047644265891,0,0,0,0,0.0748692646775589,0,0,0.0211040042091791,0,0,0,0,0,0,0,0,0,0,0,0,0,0,0,0,0,0,0,0,0,0.0422674990533656,0,0,0,0,0,0,0,0,0,0,0,0,0,0,0,0,0,0
"54",0.018845669671534,0,0,0.0645756807779748,0.0172950972915094,0,0.00294197669803625,0.0778794053128984,0,0,0,0.0193788576936483,0,0,0.0954297029222405,0,0.0438804581288802,0.00586482869829285,0,0,0,0,0,0.0476964023170334,0,0.0195422247241475,0.0265439095314815,0,0,0.0585670050883576,0,0,0,0,0,0,0,0,0,0,0,0,0,0,0,0,0.0228938393309789,0,0,0.0805249674188184,0.015374053325444,0,0.120986786517816,1,0,0,0,0.0175420179423745,0.0308526001827257,0,0,0,0.0588033945037296,0,0,0.00318588942567972,0,0,0,0.0535725067350041,0,0,0,0,0,0,0,0.00194125857399282,0,0,0,0,0,0,0,0,0,0,0,0,0,0.00180338242091902,0,0,0,0,0,0,0,0,0,0,0,0,0,0
"55",0,0,0,0,0,0,0,0,0,0,0,0,0,0,0,0,0,0,0,0,0,0,0,0,0,0,0,0,0,0,0,0,0,0,0,0,0,0,0,0,0,0,0,0,0,0,0,0,0,0,0,0,0,0,1,0,0,0,0,0,0,0,0,0,0,0,0,0,0,0,0,0,0,0,0,0,0,0,0,0,0,0,0,0,0,0,0,0,0,0,0,0,0,0,0,0,0,0,0,0,0,0,0,0,0,0
"56",0,0,0,0,0,0,0,0,0,0,0,0,0,0,0,0,0,0,0,0,0,0,0,0,0,0,0,0,0,0,0,0,0.0860833312975301,0,0,0.120844325142333,0,0,0.131079723618984,0,0,0,0,0,0,0,0,0,0,0,0,0,0,0,0,1,0,0,0,0,0,0.11289578667297,0,0,0,0,0,0,0,0,0,0,0,0,0,0,0,0,0,0,0,0,0,0,0,0,0,0,0,0,0,0,0,0,0,0,0,0,0,0,0,0,0,0,0,0
"57",0,0,0,0,0,0,0,0,0,0,0,0,0,0,0,0,0,0,0,0,0,0,0,0,0,0,0,0,0,0,0,0,0,0,0,0,0,0,0,0,0,0,0,0,0,0,0,0,0,0,0,0,0,0,0,0,1,0,0,0.0116818149976431,0,0,0,0,0,0,0,0,0.0168320779631937,0,0,0,0,0,0,0,0,0,0,0,0,0,0,0,0,0,0,0,0,0,0,0,0,0,0,0,0,0,0,0,0,0,0,0,0,0
"58",0,0,0.00913839080369532,0,0.037521284022055,0,0.0528532510673847,0.0900268827577,0,0,0,0,0,0,0.0370428093039055,0,0,0,0,0.00833852120723961,0,0,0,0,0,0.065996114560917,0.0452579175283659,0,0,0,0,0,0,0,0,0,0.0169816900962592,0,0,0,0,0,0,0,0,0,0.0176089169882464,0,0.0773165440939877,0.0002695952603563,0.0404337179848044,0,0.00854069734166372,0.0175422510562606,0,0,0,1,0,0,0,0,0,0,0,0,0,0.0334961558116667,0,0.0471741860821658,0,0,0.0525042442376481,0,0,0,0,0,0,0,0,0,0,0,0.0840140117678728,0,0,0.0474344491224568,0,0,0,0,0,0,0,0,0,0,0,0,0,0,0,0,0,0
"59",0,0,0,0.0751748790297269,0,0,0,0,0,0,0,0,0,0,0.0318762457333462,0,0,0,0,0,0,0,0,0,0,0,0,0,0,0.0808413351393697,0,0,0,0,0,0,0,0,0,0.108239538327094,0,0,0,0,0,0,0,0,0,0.0229005341769908,0.110687707681297,0,0,0.0308524214452738,0,0,0,0,1,0,0,0,0,0,0.0528344690549336,0,0,0,0,0,0,0,0.00172366805196371,0,0,0,0,0.119164676924373,0,0,0,0,0,0.0891583487747306,0,0,0,0,0,0,0,0,0,0,0,0,0,0,0,0,0,0,0,0,0,0
"60",0,0,0,0,0,0,0,0,0,0,0,0,0,0,0,0,0,0,0,0,0,0,0,0,0,0,0,0,0,0,0,0,0,0,0,0,0,0,0,0,0,0,0,0,0,0,0,0,0,0,0,0,0,0,0,0,0.0116818149976588,0,0,1,0,0,0,0,0,0,0,0,0,0,0,0,0,0,0,0,0,0,0,0,0,0,0,0,0,0,0,0,0,0,0,0,0,0,0,0,0,0,0,0,0,0,0,0,0,0
"61",0,0,0,0,0.000580382166246538,0.00650062941369282,0.0593475559851282,0,0.00933912186659917,0,0,0.0270075182860321,0,0.0627339764192645,0.0120666154049724,0,0,0,0,0,0,0.009824188256421,0,0,0,0,0.0473124323504735,0.0273545327244142,0,0,0,0.0494092214003764,0,0,0,0,0,0,0,0,0,0,0,0,0,0.0133744895658985,0.0706708563067238,0.151227360247722,0,0,0,0,0,0,0,0,0,0,0,0,1,0,0,0,0,0,0,0.0246957828245169,0,0,0.0334497578865739,0,0,0,0,0,0,0,0,0,0,0,0,0,0,0,0,0,0,0,0,0.0171385509221062,0,0,0,0,0,0,0,0,0,0,0,0,0,0
"62",0,0,0,0,0,0,0,0,0,0,0,0,0,0,0,0,0,0,0,0,0,0,0,0,0,0,0,0,0,0,0,0,0.14042127013979,0,0,0.0905717011624976,0,0,0.129516190000174,0,0,0,0,0,0,0,0,0,0,0,0,0,0,0,0,0.11289585976988,0,0,0,0,0,1,0,0,0,0,0,0,0,0,0,0,0,0,0,0,0,0,0,0,0,0,0,0,0,0,0,0,0,0,0,0,0,0,0,0,0,0,0,0,0,0,0,0,0,0
"63",0,0,0,0,0.0703309694824545,0,0,0,0,0,0,0.0216336510679384,0,0,0.00290058266512387,0,0.0784213349784778,0,0,0,0,0,0,0,0,0,0,0,0,0,0,0.0390659149005922,0,0,0,0,0,0,0,0,0,0,0,0,0,0,0,0,0,0,0,0,0.0748692387527488,0.0588033273895594,0,0,0,0,0,0,0,0,1,0,0,0,0,0,0,0,0,0,0,0,0,0,0,0,0,0,0,0,0,0,0,0,0,0,0,0,0,0,0,0,0,0,0,0,0,0,0,0,0,0,0,0
"64",0,0,0,0,0,0,0,0,0,0,0,0,0,0,0,0,0,0,0,0,0,0,0,0,0,0,0,0,0,0,0,0,0,0,0,0,0,0,0,0,0,0,0,0,0,0,0,0,0,0,0,0,0,0,0,0,0,0,0,0,0,0,0,1,0,0,0,0,0,0,0,0,0,0,0,0,0,0,0,0,0,0,0,0,0,0,0,0,0,0,0,0,0,0,0,0,0,0,0,0,0,0,0,0.0206765369732514,0,0
"65",0,0,0,0.00976108971231075,0,0,0,0,0,0,0,0,0,0,0,0,0,0,0,0,0,0,0,0,0,0,0,0,0,0.018292318610964,0,0,0,0,0,0,0,0,0,0,0,0,0,0,0,0,0,0,0,0.143623496904259,0.108777371184282,0,0,0,0,0,0,0,0.0528344655688422,0,0,0,0,0,1,0,0,0,0,0,0,0,0.00496636763808046,0,0,0,0,0.0302867748019804,0,0,0,0,0,0.0279143267968557,0,0,0,0,0,0,0,0,0,0,0,0,0,0,0,0,0,0,0,0,0,0
"66",0,0,0,0,0.00170022430375996,0,0.0195301709508151,0.0122691654713207,0,0,0,0,0,0.0589844877742579,0.00555734411245442,0,0,0,0,0.0371976222352975,0,0,0,0,0,0,0.0145678657435273,0,0,0,0,0.000914849734980737,0,0,0,0,0,0,0,0,0,0,0,0,0,0,0.0214253463209737,0,0,0,0,0,0.0211039708285491,0.00318577661548121,0,0,0,0,0,0,0,0,0,0,0,1,0,0,0,0,0.0102379823073331,0,0,0,0,0,0,0,0,0,0,0,0,0,0,0,0,0,0,0,0,0,0,0,0,0,0,0,0,0,0,0,0,0,0,0
"67",0,0,0,0,0,0,0,0,0,0,0,0,0,0,0,0,0,0,0,0,0,0,0,0,0,0,0,0,0,0,0,0,0,0,0,0,0,0,0,0,0,0,0,0,0,0,0,0,0,0,0,0,0,0,0,0,0,0,0,0,0,0,0,0,0,0,1,0,0,0,0,0,0,0,0,0,0,0,0,0,0,0,0,0,0,0,0,0,0,0,0,0,0,0,0,0,0,0,0,0,0,0,0,0,0,0
"68",0,0,0,0,0,0,0,0,0,0,0,0,0,0.0363271739121614,0,0,0,0,0,0,0,0,0,0,0,0,0.0252579443406099,0,0,0,0,0,0,0,0,0,0,0,0,0,0,0,0,0,0,0,0,0,0,0,0,0,0,0,0,0,0,0.033496135746199,0,0,0.0246957807056393,0,0,0,0,0,0,1,0,0,0,0,0,0,0,0,0,0,0,0,0,0,0,0,0,0,0,0,0,0,0,0,0,0,0,0,0,0,0,0,0,0,0,0,0,0
"69",0,0,0,0,0,0,0,0,0,0,0,0,0,0,0,0,0,0,0,0,0,0,0,0,0,0,0,0,0,0,0,0,0,0,0,0,0,0,0,0,0,0,0,0,0,0,0,0,0,0,0,0,0,0,0,0,0.0168320779631937,0,0,0,0,0,0,0,0,0,0,0,1,0,0,0,0,0,0,0,0,0,0,0,0,0,0,0,0,0,0,0,0,0,0,0,0,0,0,0,0,0,0,0,0,0,0,0,0,0
"70",0,0,0,0,0,0,0,0.0722940523929885,0,0,0,0,0,0,0.0324764716585744,0,0,0,0,0,0,0,0,0,0,0,0,0,0,0,0,0,0,0,0,0,0,0,0,0,0,0,0,0,0,0,0,0,0,0,0.0513784489790421,0,0,0.0535722324882203,0,0,0,0.0471741489392481,0,0,0,0,0,0,0,0,0,0,0,1,0,0,0.136230160610117,0,0,0,0,0,0,0,0,0,0,0.074995950327855,0.110075965300548,0,0,0,0,0,0,0,0,0,0,0,0,0,0,0,0,0,0,0,0,0
"71",0,0,0,0,0.00177214056833432,0,0,0.0563634307814047,0,0,0,0,0,0,0.0416856365988274,0,0,0,0,0,0,0,0,0.0474386458347761,0,0,0.00129024848671023,0,0,0,0,0,0,0,0,0,0.0603807381063904,0,0,0,0,0,0,0,0,0.00418959703028105,0,0.0673996506329808,0,0.0121589847248036,0.00887880662042699,0,0,0,0,0,0,0,0,0,0.0334496529617598,0,0,0,0,0.0102379304868498,0,0,0,0,1,0,0,0,0,0.191701055901151,0.00291701510252752,0,0,0,0,0,0,0,0.00353079263623057,0,0,0,0,0,0,0,0,0,0,0,0,0,0,0,0,0,0,0,0,0
"72",0.0363518535771688,0,0.0402686592894292,0,0,0,0,0,0,0,0.0225635976201071,0,0,0,0,0,0,0,0,0,0,0,0,0,0.0189047841793622,0.0720382258769429,0,0,0,0.0640250381258429,0,0,0,0,0,0,0,0,0,0.0710264188548305,0,0,0,0,0,0,0,0,0,0,0,0,0,0,0,0,0,0,0,0,0,0,0,0,0,0,0,0,0,0,0,1,0,0,0,0,0,0,0,0,0,0,0,0,0,0,0,0,0,0,0,0,0,0,0,0,0,0,0,0,0,0,0,0,0,0
"73",0,0,0,0,0,0,0,0.11158811754285,0,0,0,0,0,0,0.053776099357749,0,0,0,0,0,0,0,0,0,0,0,0,0,0,0,0,0,0,0,0,0,0,0,0,0,0,0,0,0,0,0,0,0,0.0708038538257867,0.0112612787079198,0.0385702464386528,0,0,0,0,0,0,0.0525040925646458,0.00172354838892114,0,0,0,0,0,0.0049663237390316,0,0,0,0,0.136230099064492,0,0,1,0,0,0,0,0.0301622637774227,0,0,0,0,0,0.0530157212790227,0.180151712145662,0,0,0,0,0,0,0,0,0,0,0,0,0,0,0,0,0,0,0,0,0
"74",0,0,0,0,0.0634442946813147,0,0,0,0,0,0,0,0,0,0,0,0,0.0425180335887191,0,0.0147168123507362,0,0.0122451304019867,0,0,0,0,0,0,0,0,0,0,0,0,0,0,0,0,0,0,0,0,0,0,0,0,0.016783626304008,0,0,0,0,0,0,0,0,0,0,0,0,0,0,0,0,0,0,0,0,0,0,0,0,0,0,1,0,0,0,0,0,0,0,0,0,0,0,0,0,0,0,0,0,0,0,0,0,0,0,0,0,0,0,0,0,0,0,0
"75",0,0,0,0,0,0,0,0,0,0,0,0,0,0,0,0,0,0,0,0,0,0,0,0,0,0,0,0,0,0,0,0,0,0,0,0,0,0,0,0,0,0,0,0,0,0,0,0,0,0,0,0,0,0,0,0,0,0,0,0,0,0,0,0,0,0,0,0,0,0,0,0,0,0,1,0,0,0,0,0,0,0,0,0,0,0,0,0,0,0,0,0,0,0,0,0,0,0,0,0,0,0,0,0,0,0
"76",0,0,0,0.0554674945977106,0,0,0,0,0.0824687784558322,0,0,0,0,0,0.0613324326230459,0,0,0,0.0157940861302966,0,0.0706557578224141,0,0,0.0470518854243814,0,0,0,0.0106676475944592,0,0,0,0,0,0,0,0,0.113744124427002,0,0,0,0,0,0,0,0,0.0610707828784574,0,0.0274869797227879,0,0.00979792303322842,0.0192935544866856,0,0,0,0,0,0,0,0,0,0,0,0,0,0,0,0,0,0,0,0.191701134361871,0,0,0,0,1,0,0.0379855352387008,0,0,0,0,0,0,0,0,0,0,0,0,0,0,0,0,0,0,0.00604680555529105,0,0,0,0,0,0,0,0,0
"77",0,0,0,0,0,0,0,0,0,0,0,0,0,0,0,0,0,0,0,0,0,0,0,0,0,0,0,0,0,0,0,0,0,0,0,0,0,0,0,0,0,0,0,0,0,0,0,0,0,0,0,0,0,0,0,0,0,0,0,0,0,0,0,0,0,0,0,0,0,0,0.00291701511737143,0,0,0,0,0,1,0,0,0,0,0,0,0,0,0,0,0,0,0,0,0,0,0,0,0,0,0,0,0,0,0,0,0,0,0
"78",0,0,0,0.0984601386091037,0,0,0,0,0.0981097066734301,0,0,0,0,0,0.0902096764549138,0,0,0,0,0,0.018991074246169,0,0,0.0395364704887068,0,0,0,0,0,0.065557481985995,0,0,0,0,0,0,0,0,0,0.0332052683889996,0,0,0,0,0,0,0,0,0,0.042516186024157,0.0599651733401,0,0,0.00194101762382509,0,0,0,0,0.119164596257622,0,0,0,0,0,0.0302867477659062,0,0,0,0,0,0,0,0.0301621361802991,0,0,0.0379854790562217,0,1,0,0,0,0,0,0.0090375888561542,0,0,0,0,0,0,0,0,0,0,0,0,0,0,0,0,0,0,0,0,0,0
"79",0,0,0,0,0,0,0,0,0,0,0,0,0,0,0,0,0,0,0,0,0,0,0,0,0,0,0,0,0,0,0,0,0,0,0,0,0,0,0,0,0,0,0,0,0,0,0,0,0,0,0,0,0,0,0,0,0,0,0,0,0,0,0,0,0,0,0,0,0,0,0,0,0,0,0,0,0,0,1,0,0,0,0,0,0,0,0,0,0,0,0.0298888365860512,0,0,0,0,0,0,0,0,0,0,0,0,0,0,0
"80",0,0,0,0,0,0,0,0,0,0,0,0,0,0,0,0,0,0,0,0,0,0,0,0,0,0,0,0,0,0,0,0,0,0,0,0,0,0,0,0,0,0,0,0,0,0,0,0,0,0,0,0,0,0,0,0,0,0,0,0,0,0,0,0,0,0,0,0,0,0,0,0,0,0,0,0,0,0,0,1,0,0,0,0,0,0,0,0,0,0,0,0,0,0,0,0,0,0,0,0,0,0,0,0,0,0
"81",0,0,0,0,0,0,0,0,0,0,0,0,0,0,0,0,0,0,0,0,0,0,0,0,0,0,0,0,0,0,0,0,0,0,0,0,0,0,0,0,0,0,0,0,0,0,0,0,0,0,0,0,0,0,0,0,0,0,0,0,0,0,0,0,0,0,0,0,0,0,0,0,0,0,0,0,0,0,0,0,1,0,0,0,0,0,0,0,0,0,0,0,0,0,0,0,0,0,0,0,0,0,0,0,0,0
"82",0,0,0,0,0,0,0,0,0,0,0,0,0.0158996727425852,0,0,0,0,0,0,0,0,0,0,0,0,0,0,0,0,0,0,0,0,0,0,0,0,0,0,0,0,0.0516014045693501,0,0,0,0,0,0,0,0,0,0,0,0,0,0,0,0,0,0,0,0,0,0,0,0,0,0,0,0,0,0,0,0,0,0,0,0,0,0,0,1,0,0,0,0.111057606685737,0,0,0,0,0,0,0,0.00594015200834168,0,0,0,0,0,0,0,0,0,0,0,0
"83",0,0,0,0,0,0,0,0,0,0,0,0,0,0,0,0,0,0,0,0,0,0,0,0,0,0,0,0,0,0,0,0,0,0,0,0,0.020080603002464,0,0,0,0,0,0,0,0,0,0.00161293944377402,0,0,0,0,0,0,0,0,0,0,0,0,0,0,0,0,0,0,0,0,0,0,0,0,0,0,0,0,0,0,0,0,0,0,0,1,0,0,0,0,0,0,0,0,0.0162093769723885,0,0,0,0,0,0,0,0,0,0,0,0,0,0
"84",0,0,0,0.0216614340203053,0,0,0,0,0,0,0,0,0,0,0.0496132451072761,0,0,0,0,0,0,0,0,0,0,0,0,0,0,0.0211763787958788,0,0,0,0,0,0,0,0,0,0.0109991885912254,0,0,0,0,0,0,0,0,0,0.0134897044133191,0.0869401308748875,0,0,0,0,0,0,0,0.089158322878678,0,0,0,0,0,0.0279143231836941,0,0,0,0,0.0749959217225333,0,0,0.0530157285709702,0,0,0,0,0.00903758537823051,0,0,0,0,0,1,0.0893820473098043,0,0,0,0,0,0,0,0,0,0,0,0,0,0,0,0,0,0,0,0,0
"85",0,0,0,0,0,0,0,0.0807592077077825,0,0,0,0,0,0,0.0446832139714025,0,0,0,0,0,0,0,0,0,0,0.00284129934680185,0,0,0,0,0,0,0,0,0,0,0,0,0,0,0,0,0,0,0,0,0,0,0.0163734006611932,0.0388976574637526,0.0779895998902667,0,0,0,0,0,0,0.0840139639613409,0,0,0,0,0,0,0,0,0,0,0,0.110075972503648,0.00353077210699538,0,0.180151724830612,0,0,0,0,0,0,0,0,0,0,0.0893820533193017,1,0,0,0,0,0,0,0,0,0,0,0,0,0,0,0,0,0,0,0,0,0
"86",0,0,0,0,0,0,0,0,0,0.0206491509669685,0,0,0.0589237661166032,0,0,0,0,0,0,0,0,0,0,0,0,0,0,0,0,0,0,0,0,0,0,0,0,0,0,0,0,0.0485291790628759,0,0.0178999510541126,0,0,0,0,0,0,0,0,0,0,0,0,0,0,0,0,0,0,0,0,0,0,0,0,0,0,0,0,0,0,0,0,0,0,0,0,0,0.111057603725884,0,0,0,1,0,0,0,0,0,0,0,0,0,0,0,0,0,0,0,0,0,0,0,0
"87",0,0,0,0,0.000660001966532316,0.113578597721138,0.0288884559216125,0,0.0423779130008647,0,0,0.00227323303996093,0,0,0,0,0,0.0122056435924449,0.0458410691866,0,0.0705178071338195,0,0,0,0,0,0,0.0723207416424113,0,0,0,0,0,0,0,0,0,0,0,0,0,0,0,0,0,0,0,0,0,0,0,0,0,0,0,0,0,0,0,0,0,0,0,0,0,0,0,0,0,0,0,0,0,0,0,0,0,0,0,0,0,0,0,0,0,0,1,0,0,0,0,0,0,0,0,0,0,0,0,0,0,0,0,0,0.00219757042588588,0
"88",0,0,0,0,0,0,0,0.0202245705615684,0,0,0,0,0,0,0,0,0,0,0,0,0,0,0,0,0,0,0,0,0,0,0,0,0,0,0,0,0,0,0,0,0,0,0,0,0,0,0,0,0.00130079994448901,0,0,0,0.0422674854975305,0,0,0,0,0.0474344406895934,0,0,0,0,0,0,0,0,0,0,0,0,0,0,0,0,0,0,0,0,0,0,0,0,0,0,0,0,0,1,0,0,0,0.0698448204585146,0,0,0,0,0,0,0,0,0,0,0,0,0,0
"89",0,0,0,0,0,0,0,0,0,0,0,0,0,0,0,0,0,0,0,0,0,0,0,0,0,0,0,0,0,0,0,0,0,0,0,0,0,0,0,0,0,0,0,0,0,0,0,0,0,0,0,0,0,0,0,0,0,0,0,0,0,0,0,0,0,0,0,0,0,0,0,0,0,0,0,0,0,0,0,0,0,0,0,0,0,0,0,0,1,0,0,0,0,0,0,0,0,0,0,0,0,0,0,0,0,0
"90",0,0,0,0,0,0,0,0,0,0,0,0,0,0,0,0,0,0,0,0,0,0,0,0,0,0,0,0,0,0,0,0,0,0,0,0,0,0,0,0,0,0,0,0,0,0,0,0,0,0,0,0,0,0,0,0,0,0,0,0,0,0,0,0,0,0,0,0,0,0,0,0,0,0,0,0,0,0,0,0,0,0,0,0,0,0,0,0,0,1,0,0,0,0,0,0,0,0,0,0,0,0,0,0,0,0
"91",0,0,0,0,0,0,0,0,0,0,0,0,0,0,0,0,0,0,0,0,0,0,0,0,0,0,0,0,0,0,0,0,0,0,0,0,0,0,0,0,0,0,0,0,0,0,0,0,0,0,0,0,0,0,0,0,0,0,0,0,0,0,0,0,0,0,0,0,0,0,0,0,0,0,0,0,0,0,0.0298888365860512,0,0,0,0,0,0,0,0,0,0,0,1,0,0,0,0,0,0,0,0,0,0,0,0,0,0,0
"92",0,0,0,0.0176001516431083,0,0,0,0,0,0,0,0,0,0,0,0,0,0,0,0,0,0,0,0,0,0,0.0080581499129491,0,0,0,0,0,0,0,0,0,0,0,0,0,0,0,0,0,0,0,0.0112389166454078,0,0,0,0,0,0,0.00180337133022331,0,0,0,0,0,0,0.0171385474654704,0,0,0,0,0,0,0,0,0,0,0,0,0,0,0,0,0,0,0,0,0,0.016209377041702,0,0,0,0,0.0698448209579748,0,0,0,1,0,0,0,0,0,0,0,0,0,0,0,0,0,0
"93",0,0,0,0,0,0,0,0,0,0,0,0,0,0,0,0,0,0,0,0,0,0,0,0,0,0,0,0,0,0,0,0,0,0,0,0,0,0,0,0,0,0,0,0,0,0,0,0,0,0,0,0,0,0,0,0,0,0,0,0,0,0,0,0,0,0,0,0,0,0,0,0,0,0,0,0,0,0,0,0,0,0,0,0,0,0,0,0,0,0,0,0,1,0,0,0,0,0,0,0,0,0,0,0,0,0
"94",0,0,0,0,0,0,0,0,0,0,0,0,0,0,0,0,0,0,0,0,0,0,0,0,0,0,0,0,0,0,0,0,0,0,0,0,0,0,0,0,0,0,0,0,0,0,0,0,0,0,0,0,0,0,0,0,0,0,0,0,0,0,0,0,0,0,0,0,0,0,0,0,0,0,0,0,0,0,0,0,0,0.00594015200825028,0,0,0,0,0,0,0,0,0,0,0,1,0,0,0,0,0,0,0,0,0,0,0,0
"95",0,0,0,0,0.00820159770480164,0.00163464238998975,0.0360572631971317,0,0,0,0,0,0,0.0221517267592185,0,0,0,0,0.0028846438805227,0,0,0,0,0,0,0,0.0243448749615563,0,0,0,0,0,0,0,0,0,0,0,0,0,0,0,0,0,0,0,0.0107064472470724,0,0,0,0,0,0,0,0,0,0,0,0,0,0,0,0,0,0,0,0,0,0,0,0,0,0,0,0,0,0,0,0,0,0,0,0,0,0,0,0,0,0,0,0,0,0,0,1,0,0,0,0,0,0,0,0,0,0,0
"96",0,0,0,0,0,0,0,0,0,0,0,0,0,0,0,0,0,0,0,0,0,0,0,0,0,0,0,0,0,0,0,0,0,0,0,0,0,0,0,0,0,0,0,0,0,0,0,0,0,0,0,0,0,0,0,0,0,0,0,0,0,0,0,0,0,0,0,0,0,0,0,0,0,0,0,0,0,0,0,0,0,0,0,0,0,0,0,0,0,0,0,0,0,0,0,1,0,0,0,0,0,0,0,0,0,0
"97",0,0,0,0,0,0.0295510071715975,0,0,0.0352703994769402,0,0,0,0,0,0,0,0,0,0.0818886050227879,0,0.126037202231468,0,0,0,0,0,0,0,0,0,0,0,0,0,0,0,0,0,0,0,0,0,0,0,0,0.0112098586701657,0,0,0,0,0,0,0,0,0,0,0,0,0,0,0,0,0,0,0,0,0,0,0,0,0,0,0,0,0,0.00604674717664015,0,0,0,0,0,0,0,0,0,0,0,0,0,0,0,0,0,0,0,0,1,0,0.00412268095864931,0,0,0,0,0,0.153397309887068,0
"98",0,0,0,0,0,0,0,0,0,0,0,0,0,0,0,0,0,0,0,0,0,0,0,0,0,0,0,0,0,0,0,0,0,0,0,0,0,0,0,0,0,0,0,0,0,0,0,0,0,0,0,0,0,0,0,0,0,0,0,0,0,0,0,0,0,0,0,0,0,0,0,0,0,0,0,0,0,0,0,0,0,0,0,0,0,0,0,0,0,0,0,0,0,0,0,0,0,1,0.136274325844797,0.111875030039178,0.0829986509416906,0.065317499275018,0.0781523264583249,0,0,0
"99",0,0,0,0,0,0,0,0,0,0,0,0,0,0,0,0,0,0,0,0,0,0,0,0,0,0,0,0,0,0,0,0,0,0,0,0,0,0,0,0,0,0,0,0,0,0,0,0,0,0,0,0,0,0,0,0,0,0,0,0,0,0,0,0,0,0,0,0,0,0,0,0,0,0,0,0,0,0,0,0,0,0,0,0,0,0,0,0,0,0,0,0,0,0,0,0,0.00411343704209631,0.136274357070326,1,0.196896670191193,0.106321713247515,0.126862825378156,0.110273509099511,0,0,0
"100",0,0,0,0,0,0,0,0,0,0,0,0,0,0,0,0,0,0,0,0,0,0,0,0,0,0,0,0,0,0,0,0,0,0,0,0,0,0,0,0,0,0,0,0,0,0,0,0,0,0,0,0,0,0,0,0,0,0,0,0,0,0,0,0,0,0,0,0,0,0,0,0,0,0,0,0,0,0,0,0,0,0,0,0,0,0,0,0,0,0,0,0,0,0,0,0,0,0.111875036787113,0.196896650054972,1,0.128007139211866,0.134233962394712,0.127573667364867,0,0,0
"101",0,0,0,0,0,0,0,0,0,0,0,0,0,0,0,0,0,0,0,0,0,0,0,0,0,0,0,0,0,0,0,0,0,0,0,0,0,0,0,0,0,0,0,0,0,0,0,0,0,0,0,0,0,0,0,0,0,0,0,0,0,0,0,0,0,0,0,0,0,0,0,0,0,0,0,0,0,0,0,0,0,0,0,0,0,0,0,0,0,0,0,0,0,0,0,0,0,0.0829986487857293,0.106321695137661,0.128007132963563,1,0.183818432267919,0.202399459061067,0,0,0
"102",0,0,0,0,0,0,0,0,0,0,0,0,0,0,0,0,0,0,0,0,0,0,0,0,0,0,0,0,0,0,0,0,0,0,0,0,0,0,0,0,0,0,0,0,0,0,0,0,0,0,0,0,0,0,0,0,0,0,0,0,0,0,0,0,0,0,0,0,0,0,0,0,0,0,0,0,0,0,0,0,0,0,0,0,0,0,0,0,0,0,0,0,0,0,0,0,0,0.06531749599079,0.126862821384666,0.13423396035363,0.183818431436488,1,0.184094644049002,0,0,0
"103",0,0,0,0,0,0,0,0,0,0,0,0,0,0,0,0,0,0,0,0,0,0,0,0,0,0,0,0,0,0,0,0,0,0,0,0,0,0,0,0,0,0,0,0,0,0,0,0,0,0,0,0,0,0,0,0,0,0,0,0,0,0,0,0,0,0,0,0,0,0,0,0,0,0,0,0,0,0,0,0,0,0,0,0,0,0,0,0,0,0,0,0,0,0,0,0,0,0.0781523267202335,0.110273509798697,0.127573666887686,0.202399456739019,0.184094643888605,1,0,0,0
"104",0,0,0,0,0,0,0,0,0,0,0,0,0,0,0,0,0,0,0,0,0,0,0,0,0,0,0,0,0,0,0,0,0,0,0,0,0,0,0,0,0,0,0,0,0,0,0,0,0,0,0,0,0,0,0,0,0,0,0,0,0,0,0,0.0206765369732514,0,0,0,0,0,0,0,0,0,0,0,0,0,0,0,0,0,0,0,0,0,0,0,0,0,0,0,0,0,0,0,0,0,0,0,0,0,0,0,1,0,0
"105",0,0,0,0,0,0.016001305546773,0,0,0.023197614292888,0,0,0,0,0,0,0,0,0,0.0276110234099847,0,0.0889447842494012,0,0,0,0,0,0,0,0,0,0,0,0,0,0,0,0,0,0,0,0,0,0,0,0,0.0110571045460863,0,0,0,0,0,0,0,0,0,0,0,0,0,0,0,0,0,0,0,0,0,0,0,0,0,0,0,0,0,0,0,0,0,0,0,0,0,0,0,0,0.0021975712306621,0,0,0,0,0,0,0,0,0,0.153397286440858,0,0,0,0,0,0,0,1,0
"106",0,0,0,0,0,0,0,0,0,0,0,0,0,0,0,0,0,0,0,0,0,0,0,0,0,0,0,0,0,0,0,0,0,0,0,0,0,0,0,0,0,0,0,0,0,0,0,0,0,0,0,0,0,0,0,0,0,0,0,0,0,0,0,0,0,0,0,0,0,0,0,0,0,0,0,0,0,0,0,0,0,0,0,0,0,0,0,0,0,0,0,0,0,0,0,0,0,0,0,0,0,0,0,0,0,1
